symbol,side,entry_time,exit_time,entry_price,exit_price,quantity,notional,margin_used,leverage,gross_pnl,fees,funding_pnl,net_pnl,r_multiple,bars_held,exit_reason,variant
BTCUSDT,long,2021-05-03 13:15:00+00:00,2021-05-03 13:20:00+00:00,58722.8070325,58527.277053875536,0.013623326956377304,800.0,400.0,2,-2.663768828574552,0.6389344924685703,0.0,-3.302703321043122,-1.3401734801244347,1,stop_loss,both
BTCUSDT,long,2021-05-07 20:05:00+00:00,2021-05-07 20:20:00+00:00,57864.58253000001,57854.39973849045,0.01100571567758542,636.8411431273564,318.4205715636782,2,-0.11206890815830867,0.5094280869386218,0.0,-0.6214969950969305,-0.20750833426467016,3,stop_loss,both
BTCUSDT,short,2021-05-10 12:30:00+00:00,2021-05-10 12:35:00+00:00,57845.674965,58242.669630256976,0.007829024680152992,452.875216941093,226.4376084705465,2,-3.1080810321859556,0.3635434059657488,0.0,-3.4716244381517045,-1.1594831681580906,1,stop_loss,both
BTCUSDT,short,2021-05-23 11:20:00+00:00,2021-05-23 11:25:00+00:00,34817.3234925,35412.83642113187,0.005094767699132146,177.38617509982384,88.69308754991192,2,-3.034000033209237,0.1431225400931428,0.0,-3.1771225733023796,-1.062971633728379,1,stop_loss,both
BTCUSDT,long,2021-05-31 13:20:00+00:00,2021-05-31 13:35:00+00:00,36954.53632500001,36771.607007207065,0.01191063932112294,440.1521534464111,220.07607672320555,2,-2.1788051254908214,0.3512502007069326,0.0,-2.530055326197754,-0.8478338265948211,3,stop_loss,both
BTCUSDT,long,2021-06-03 08:10:00+00:00,2021-06-03 08:30:00+00:00,38769.70000250001,38760.00757749938,0.016152348771351386,626.2217162010428,313.1108581005214,2,-0.15655542905029018,0.5009147507892141,0.0,-0.6574701798395043,-0.22060200091487775,4,stop_loss,both
BTCUSDT,short,2021-06-17 16:10:00+00:00,2021-06-17 16:20:00+00:00,38801.037315,38554.39443425614,0.016035102225857377,622.1785998153316,311.0892999076658,2,3.9549438060078126,0.4961609023298622,0.0,3.4587829036779505,1.160915004248374,2,take_profit,both
BTCUSDT,short,2021-06-20 14:05:00+00:00,2021-06-20 14:10:00+00:00,33810.445275000005,34069.867222644825,0.011895053179296448,402.1770445618174,201.0885222809087,2,-3.0858378631117898,0.32297597079469864,0.0,-3.4088138339064886,-1.1421543378893733,1,stop_loss,both
BTCUSDT,long,2021-06-29 08:25:00+00:00,2021-06-29 08:45:00+00:00,34988.364905,35003.42862921857,0.014744283518941371,515.8783720234982,257.9391860117491,2,0.22210382072973087,0.4127915391470905,0.0,-0.19068771841735963,-0.06400131796118595,4,stop_loss,both
BTCUSDT,short,2021-07-19 16:00:00+00:00,2021-07-19 16:45:00+00:00,30665.321752500004,30737.23674986463,0.019962626216056052,612.1603559402505,306.08017797012525,2,-1.435612211718709,0.4903025296368879,-0.0075307161655651525,-1.933445457521162,-0.6489927051058594,9,stop_loss,both
BTCUSDT,short,2021-07-30 11:45:00+00:00,2021-07-30 11:55:00+00:00,38706.6509175,38716.32758022938,0.017505129104718253,677.5649215220988,338.7824607610494,2,-0.16939123038054923,0.5421196937098314,0.0,-0.7115109240903805,-0.2390630463020847,2,stop_loss,both
BTCUSDT,long,2021-08-01 00:50:00+00:00,2021-08-01 01:15:00+00:00,41746.5240225,41736.08739149438,0.014853321747802602,620.074553158563,310.0372765792815,2,-0.15501863828958382,0.4959976350715346,0.0,-0.6510162733611184,-0.21881570294161246,5,stop_loss,both
BTCUSDT,short,2021-08-03 08:05:00+00:00,2021-08-03 08:15:00+00:00,38436.22854,38554.26120619333,0.01829405962575325,703.1546566998387,351.57732834991936,2,-2.1592966331275165,0.5633874440131219,0.0,-2.722684077140639,-0.9154327829594661,2,stop_loss,both
BTCUSDT,long,2021-08-07 11:25:00+00:00,2021-08-07 12:05:00+00:00,43700.2323275,43972.05675141059,0.014485237416416817,633.0082404164108,316.5041202082054,2,3.937441315925647,0.5079815688594989,0.0,3.4294597470661485,1.1546535103552946,8,take_profit,both
BTCUSDT,long,2021-08-09 15:15:00+00:00,2021-08-09 16:10:00+00:00,45895.54101750001,45884.06713224563,0.010446199896249736,479.4339958153341,239.71699790766704,2,-0.11985849895382494,0.38349925325268575,-0.04805676067990666,-0.5514145128864174,-0.1853329437479036,11,stop_loss,both
BTCUSDT,short,2021-08-31 04:50:00+00:00,2021-08-31 05:20:00+00:00,47120.1670125,47195.9909928429,0.016833201771069718,793.1832788079159,396.59163940395797,2,-1.276360360197577,0.6350571671904118,0.0,-1.911417527387989,-0.8980098490827787,6,stop_loss,both
BTCUSDT,long,2021-09-03 11:40:00+00:00,2021-09-03 12:20:00+00:00,50040.807075000004,50152.17418186488,0.011527953524367716,576.8680982824512,288.4340491412256,2,1.283834832081588,0.46200801255879365,0.0,0.8218268195227942,0.276563154399066,8,stop_loss,both
BTCUSDT,long,2021-09-05 11:15:00+00:00,2021-09-05 11:20:00+00:00,50167.40871750001,50002.5837718629,0.015802040862601577,792.7474425247697,396.37372126238483,2,-2.604570526133731,0.6331561258093623,0.0,-3.237726651943093,-1.3451376298318312,1,stop_loss,both
BTCUSDT,short,2021-09-07 17:25:00+00:00,2021-09-07 18:15:00+00:00,47004.905835000005,46001.789774324134,0.004034756606148884,189.6533543391725,94.82667716958625,2,4.047329152546016,0.1501037518103196,0.0,3.897225400735697,1.3131050838565765,10,take_profit,both
BTCUSDT,short,2021-09-17 22:50:00+00:00,2021-09-17 23:15:00+00:00,47128.215000000004,47127.33589202615,0.016826676801238637,793.0112420242868,396.5056210121434,2,0.014792465749385978,0.6344030766331297,0.0,-0.6196106108837438,-0.21551486504228037,5,stop_loss,both
BTCUSDT,short,2021-09-21 16:20:00+00:00,2021-09-21 16:25:00+00:00,42787.200525,43072.16424450272,0.010842014648265931,463.8994548503417,231.94972742517086,2,-3.0895808210728033,0.3723553962087025,0.0,-3.461936217281506,-1.1645126324706259,1,stop_loss,both
BTCUSDT,long,2021-09-30 21:40:00+00:00,2021-09-30 22:25:00+00:00,43594.7859725,43827.678678042306,0.016786130840113156,731.7877812811147,365.89389064055734,2,3.9093674269410714,0.5869939719956683,0.0,3.3223734549454034,1.1195226009081423,9,take_profit,both
BTCUSDT,long,2021-10-08 10:35:00+00:00,2021-10-08 11:30:00+00:00,55553.885,55405.097122085135,0.011114623309675638,617.4605051640398,308.7302525820199,2,-1.653721216069752,0.49330691564480394,0.0,-2.147028131714556,-0.7222598280370116,11,stop_loss,both
BTCUSDT,short,2021-10-13 10:45:00+00:00,2021-10-13 10:55:00+00:00,54806.295,54455.029821292796,0.011225113987545632,615.2069086100522,307.6034543050261,2,3.9429916708439374,0.49058833021970416,0.0,3.452403340624233,1.1626473838002602,2,take_profit,both
BTCUSDT,long,2021-10-15 06:55:00+00:00,2021-10-15 07:15:00+00:00,59716.49539250001,59469.14198274435,0.012794995995653409,764.0723194214928,382.0361597107464,2,-3.1648858873348207,0.6099919011822603,0.0,-3.774877788517081,-1.269032221129061,4,stop_loss,both
BTCUSDT,long,2021-10-21 11:30:00+00:00,2021-10-21 11:35:00+00:00,66067.492745,65580.70249387763,0.0063116626320682025,416.99572515305357,208.49786257652679,2,-3.072455837664131,0.33236759778737723,0.0,-3.404823435451508,-1.146810966001282,1,stop_loss,both
BTCUSDT,short,2021-10-22 17:20:00+00:00,2021-10-22 17:35:00+00:00,60954.0076875,60969.24618942188,0.007061814299330787,430.44588308910625,215.22294154455312,2,-0.10761147077229913,0.3443997510595939,0.0,-0.452011221831893,-0.15250854660440893,3,stop_loss,both
BTCUSDT,short,2021-11-06 09:05:00+00:00,2021-11-06 09:10:00+00:00,60921.305865,61159.42429966962,0.012970454696609,790.1770377802427,395.08851889012135,2,-3.088504369309721,0.6333770319719181,0.0,-3.7218814012816392,-1.287742386665548,1,stop_loss,both
BTCUSDT,short,2021-11-10 23:20:00+00:00,2021-11-11 00:25:00+00:00,64675.2171525,64691.38595678813,0.0046108297968251305,298.2064183628828,149.1032091814414,2,-0.07455160459073794,0.23859495533214253,0.06923630123863919,-0.2439102586842413,-0.08246950901649311,13,stop_loss,both
BTCUSDT,short,2021-11-15 17:55:00+00:00,2021-11-15 18:05:00+00:00,64222.86027,64238.915985067506,0.012278972281846896,788.5907211162562,394.2953605581281,2,-0.19714768027916932,0.6309514359651167,0.0,-0.8280991162442859,-0.2927927660387096,2,stop_loss,both
BTCUSDT,short,2021-11-15 20:10:00+00:00,2021-11-15 20:45:00+00:00,64056.1319625,64039.15683295454,0.012305761483244484,788.2594814697585,394.12974073487925,2,0.2088918953336385,0.6305240284176734,0.0,-0.42163213308403485,-0.1546438079817098,7,stop_loss,both
BTCUSDT,short,2021-11-18 18:00:00+00:00,2021-11-18 18:30:00+00:00,57550.68873,58029.62378000001,0.005294638763972975,304.7101074432006,152.3550537216003,2,-2.5357880811553737,0.24478240118702266,0.0,-2.7805704823423962,-0.9408629500988266,6,trend_invalid,both
BTCUSDT,short,2021-11-22 06:50:00+00:00,2021-11-22 07:00:00+00:00,57164.5552875,57400.115222780965,0.013340821621778753,762.6221351788469,381.31106758942343,2,-3.142563077821113,0.611354733374206,0.0,-3.753917811195319,-1.2720101272299866,2,stop_loss,both
BTCUSDT,short,2021-12-03 22:05:00+00:00,2021-12-03 23:35:00+00:00,53519.1068775,53725.15654425114,0.0056119363920929585,300.3458235581548,150.1729117790774,2,-1.1563376234193476,0.2407391938958916,0.0,-1.3970768173152392,-0.4743026239557305,18,stop_loss,both
BTCUSDT,short,2021-12-08 13:30:00+00:00,2021-12-08 14:10:00+00:00,49082.8362225,49202.9031696014,0.011102244207860787,544.9296341566303,272.46481707831515,2,-1.3330125680120133,0.43647691235250907,0.0,-1.7694894803645222,-0.601163101943919,8,stop_loss,both
BTCUSDT,short,2021-12-10 19:05:00+00:00,2021-12-10 19:20:00+00:00,47678.457405,47953.57390957992,0.010570225878496247,503.97206430911206,251.98603215455603,2,-2.908043596312109,0.4043408688858145,0.0,-3.3123844651979235,-1.1263590949776008,3,stop_loss,both
BTCUSDT,long,2021-12-12 20:10:00+00:00,2021-12-12 20:45:00+00:00,50440.186895000006,50319.82148712402,0.014765792985279042,744.789357830355,372.3946789151775,2,-1.777290695285491,0.5951205699861699,0.0,-2.3724112652716607,-0.808091402967127,7,stop_loss,both
BTCUSDT,short,2021-12-13 17:45:00+00:00,2021-12-13 18:00:00+00:00,47301.911565,47601.907502500006,0.00798928277581945,377.9083473295894,188.9541736647947,2,-2.3967523762845864,0.3032853788141854,0.0,-2.700037755098772,-0.9208037719517767,3,trend_invalid,both
BTCUSDT,long,2021-12-19 07:15:00+00:00,2021-12-19 07:45:00+00:00,47639.326855,47567.09982962906,0.01639100560262966,780.8564733858107,390.42823669290533,2,-1.1838735775162823,0.6242116292776421,0.0,-1.8080852067939244,-0.7961456592410332,6,stop_loss,both
BTCUSDT,long,2021-12-21 11:25:00+00:00,2021-12-21 11:35:00+00:00,48750.654617500004,48738.46695384563,0.016002518231274146,780.133239303093,390.0666196515465,2,-0.1950333098257696,0.6240285781185441,0.0,-0.8190618879443137,-0.3767042264727741,2,stop_loss,both
BTCUSDT,long,2022-01-03 13:20:00+00:00,2022-01-03 13:55:00+00:00,47318.2165975,47185.42745845033,0.016480029693027684,779.8056145479154,389.9028072739577,2,-2.1883689544501994,0.6229691440565523,0.0,-2.8113380985067513,-1.302508505761938,7,stop_loss,both
BTCUSDT,long,2022-01-04 17:20:00+00:00,2022-01-04 17:25:00+00:00,46977.8715325,46795.06955827548,0.016575486583503666,778.6810793085126,389.3405396542563,2,-3.0300316711965687,0.6217328507783315,0.0,-3.6517645219749,-1.2876141923498847,1,stop_loss,both
BTCUSDT,short,2022-01-06 05:45:00+00:00,2022-01-06 06:10:00+00:00,42917.9778225,43114.8060075,0.012205159081949015,523.8207467991723,261.91037339958615,2,-2.4023193097363613,0.4200175251632324,0.0,-2.822336834899594,-0.9683523253311804,5,trend_invalid,both
BTCUSDT,long,2022-01-11 18:25:00+00:00,2022-01-11 19:00:00+00:00,42627.074105,42616.41733647375,0.011597906934646178,494.38483836605604,247.19241918302802,2,-0.12359620959150154,0.3954584322090082,0.0,-0.5190546418005098,-0.17834827732016564,7,stop_loss,both
BTCUSDT,short,2022-01-18 16:00:00+00:00,2022-01-18 16:35:00+00:00,41563.696477499994,41574.08740161937,0.013940194319801969,579.4060055456185,289.70300277280927,2,-0.14485150138641853,0.46358274503704944,0.057879686815817774,-0.5505545596076502,-0.1892223371968047,7,stop_loss,both
BTCUSDT,short,2022-01-22 00:10:00+00:00,2022-01-22 00:30:00+00:00,36255.843772500004,36536.46722046705,0.006526897175242802,236.63816430477462,118.31908215238731,2,-1.8316003898430058,0.19004317159975692,0.0,-2.0216435614427626,-0.6950241743121311,4,stop_loss,both
BTCUSDT,short,2022-01-24 07:05:00+00:00,2022-01-24 07:20:00+00:00,35141.2025025,35240.908695885824,0.021384061248539556,751.4616266607915,375.73081333039573,2,-2.132123346221268,0.6020221506671217,0.0,-2.73414549688839,-0.940957372018766,3,stop_loss,both
BTCUSDT,long,2022-02-07 01:30:00+00:00,2022-02-07 01:35:00+00:00,41886.82909000001,42152.927662065034,0.014467255739349462,605.9874685554526,302.9937342777263,2,3.8497160939404704,0.4863298612819382,0.0,3.363386232658532,1.159146908978676,1,take_profit,both
BTCUSDT,long,2022-02-09 14:35:00+00:00,2022-02-09 14:50:00+00:00,44090.85996,44079.83724501,0.0131042440555006,577.7773895327394,288.8886947663697,2,-0.14444434738321088,0.4621641338872383,0.0,-0.6066084812704492,-0.20869678388215893,3,stop_loss,both
BTCUSDT,long,2022-02-10 12:55:00+00:00,2022-02-10 13:25:00+00:00,44860.09222,44848.877196945,0.014241831146442535,638.8898586110804,319.4449293055402,2,-0.1597224646527129,0.5110479979030033,0.0,-0.6707704625557162,-0.2308432518826428,6,stop_loss,both
BTCUSDT,long,2022-02-14 15:50:00+00:00,2022-02-14 16:55:00+00:00,42586.2739075,42598.0681883994,0.01606701124340052,684.2341416863367,342.11707084316834,2,0.18949884381844465,0.5474631128865968,-0.044161576698064926,-0.40212584576621696,-0.13843810559577152,13,stop_loss,both
BTCUSDT,short,2022-02-20 12:35:00+00:00,2022-02-20 13:20:00+00:00,38246.535975,38301.27259884077,0.020116340342589658,769.3803345981992,384.6901672990996,2,-1.1011005543852432,0.6159447079003135,0.0,-1.7170452622855568,-0.5912424359889434,9,stop_loss,both
BTCUSDT,short,2022-02-24 07:10:00+00:00,2022-02-24 07:35:00+00:00,34667.830875,34631.479226421056,0.011118544281591066,385.45581273039744,192.72790636519872,2,0.4041774144338275,0.30820297921854445,0.0,0.09597443521528304,0.03307689617701898,5,stop_loss,both
BTCUSDT,short,2022-03-14 01:45:00+00:00,2022-03-14 01:55:00+00:00,37939.51275,38057.1119,0.0165676397217049,628.5681784590295,314.28408922951473,2,-1.948340348778763,0.5036338789067352,0.0,-2.4519742276854983,-0.845013289088478,2,trend_invalid,both
BTCUSDT,long,2022-03-28 07:10:00+00:00,2022-03-28 08:05:00+00:00,47015.751000000004,46891.53779596035,0.016437164090332006,772.8056140171911,386.4028070085956,2,-2.0417128169856773,0.6174278060869587,-0.07709506636124332,-2.7362356894338795,-1.185439448844026,11,stop_loss,both
BTCUSDT,short,2022-03-31 19:15:00+00:00,2022-03-31 19:30:00+00:00,45837.437775000006,45644.850026157226,0.01683582584893768,771.7111197414175,385.85555987070876,2,3.2423738001559856,0.6160719462730717,0.0,2.626301853882914,1.0547519198978264,3,take_profit,both
BTCUSDT,short,2022-04-05 17:55:00+00:00,2022-04-05 19:10:00+00:00,45862.9314,45652.9548114784,0.016849373053440943,772.7616404829705,386.38082024148525,2,3.537973872489369,0.6167941228373807,0.0,2.921179749651988,1.0801509785943684,15,take_profit,both
BTCUSDT,short,2022-04-06 18:15:00+00:00,2022-04-06 18:20:00+00:00,43660.08225,43282.591264452196,0.010309025856688012,450.0929168203753,225.04645841018765,2,3.8915643306789476,0.3585177077240287,0.0,3.533046622954919,1.2173525116118893,1,take_profit,both
BTCUSDT,short,2022-04-18 07:25:00+00:00,2022-04-18 07:45:00+00:00,38923.0668,38779.91288461385,0.01991989313216227,775.3433310320133,387.67166551600667,2,2.8516106959427527,0.6191340205472335,0.0,2.232476675395519,1.0113617045893586,4,take_profit,both
BTCUSDT,short,2022-04-24 14:25:00+00:00,2022-04-24 14:40:00+00:00,39471.329699999995,39481.197532425,0.019665826502474573,776.2363217021716,388.1181608510858,2,-0.1940590804256763,0.6210666809939076,0.0,-0.8151257614195839,-0.3956187693462441,3,stop_loss,both
BTCUSDT,long,2022-04-28 20:30:00+00:00,2022-04-28 20:45:00+00:00,39997.997,39987.99750075,0.014795266057760794,591.7810073925181,295.89050369625903,2,-0.14794525184812427,0.47336562781327524,0.0,-0.6213108796613995,-0.21353358416638116,3,stop_loss,both
BTCUSDT,short,2022-04-29 14:25:00+00:00,2022-04-29 14:55:00+00:00,38931.564675,38941.29756616875,0.013021562435895617,506.94980014262075,253.47490007131037,2,-0.12673745003566741,0.40561053509411094,0.0,-0.5323479851297783,-0.18301722785989494,6,stop_loss,both
BTCUSDT,short,2022-05-08 00:05:00+00:00,2022-05-08 00:55:00+00:00,35379.75285,35104.116451628775,0.014102664495617123,498.9487843814037,249.47439219070185,2,3.887207649009606,0.39760414444551917,0.0,3.489603504564087,1.2000288415278637,10,take_profit,both
BTCUSDT,short,2022-05-08 04:50:00+00:00,2022-05-08 06:00:00+00:00,34491.075075,34484.61269811435,0.017506729573783218,603.8259240470798,301.9129620235399,2,0.11313508454089372,0.4830154852038475,0.0,-0.3698804006629538,-0.12696846609537868,14,stop_loss,both
BTCUSDT,short,2022-05-09 20:40:00+00:00,2022-05-09 20:50:00+00:00,30880.07805,31255.447632453037,0.006215500328724162,191.9351352708028,95.9675676354014,2,-2.3331097631299023,0.1544813521218942,0.0,-2.4875911152517967,-0.8540755139250603,2,stop_loss,both
BTCUSDT,short,2022-05-16 09:10:00+00:00,2022-05-16 09:20:00+00:00,29690.1756,29489.08198391235,0.01924672424235359,571.4386224802549,285.71931124012747,2,3.8703933757366826,0.4556027406339093,0.0,3.4147906351027735,1.173918894627231,2,take_profit,both
BTCUSDT,short,2022-05-17 19:50:00+00:00,2022-05-17 20:15:00+00:00,30014.29455,30122.52875,0.01482786806835817,445.04799975224165,222.52399987612083,2,-1.6048824380843305,0.3566803527770271,0.0,-1.9615627908613575,-0.6731504780862543,5,trend_invalid,both
BTCUSDT,short,2022-05-18 17:55:00+00:00,2022-05-18 18:20:00+00:00,28964.257125,29073.95692409809,0.017353690929621617,502.63676615334083,251.31838307667041,2,-1.9036964085898205,0.40287089148610855,0.0,-2.3065673000759292,-0.7923458990557087,5,stop_loss,both
BTCUSDT,long,2022-05-22 12:20:00+00:00,2022-05-22 12:40:00+00:00,30050.710800000004,30043.198122300004,0.021749930886002813,653.6008829752584,326.8004414876292,2,-0.16340022074382535,0.5228153462919092,0.0,-0.6862155670357346,-0.23600745615672428,4,stop_loss,both
BTCUSDT,long,2022-05-23 09:35:00+00:00,2022-05-23 10:10:00+00:00,30413.301425,30529.8218093765,0.025485093768901772,775.0858386379989,387.54291931899945,2,2.9695329218235167,0.6212564840791286,0.0,2.348276437744388,1.0236739314608023,7,take_profit,both
BTCUSDT,long,2022-05-29 14:25:00+00:00,2022-05-29 14:55:00+00:00,29358.437775000002,29280.986362639444,0.026432780761717376,776.0251492130967,388.01257460654836,2,-2.047256202612013,0.6200012168894327,0.0,-2.6672574195014453,-1.4388726437374517,6,stop_loss,both
BTCUSDT,long,2022-05-31 18:00:00+00:00,2022-05-31 18:30:00+00:00,32114.526625000002,31979.643613695753,0.017215269073607986,552.8602170209228,276.4301085104614,2,-2.322047333061163,0.44135935468351384,0.0,-2.763406687744677,-0.9509008435429885,6,stop_loss,both
BTCUSDT,long,2022-06-05 17:05:00+00:00,2022-06-05 17:20:00+00:00,29907.575025000002,30059.6219944152,0.025085191503156683,750.2372468971511,375.11862344857553,2,3.814127345254848,0.6017154484558228,0.0,3.212411896799025,1.1069845324185983,3,take_profit,both
BTCUSDT,short,2022-06-07 04:05:00+00:00,2022-06-07 05:50:00+00:00,29461.532775000003,29526.381667877497,0.019079067390428264,562.0985692395361,281.04928461976806,2,-1.2372563974043562,0.45017375795059067,0.0,-1.687430155354947,-0.580517872700207,21,stop_loss,both
BTCUSDT,short,2022-06-10 15:20:00+00:00,2022-06-10 16:25:00+00:00,29486.126625,29282.38266150267,0.01897939287284331,559.6287815142804,279.8143907571402,2,3.8669367286860856,0.4461562505199499,0.019543077880381468,3.440323556046517,1.1845882392298406,13,take_profit,both
BTCUSDT,short,2022-06-13 04:55:00+00:00,2022-06-13 05:05:00+00:00,25612.495275,25618.898398818754,0.009226478573924937,236.31313887954119,118.15656943977059,2,-0.05907828471990972,0.18907414241752094,0.0,-0.24815242713743066,-0.08529344372315716,2,stop_loss,both
BTCUSDT,short,2022-06-13 12:50:00+00:00,2022-06-13 13:15:00+00:00,23919.618599999998,23498.65290883652,0.009400378189946084,224.85346099926866,112.42673049963433,2,3.9572367019287324,0.17829987411864345,0.0,3.7789368278100888,1.2990393934010844,5,take_profit,both
BTCUSDT,short,2022-06-15 11:10:00+00:00,2022-06-15 11:15:00+00:00,20461.583325,20584.644875,0.01189313774466949,243.35242895825735,121.67621447912867,2,-1.4635879652225576,0.19526737835269492,0.0,-1.6588553435752524,-0.5691356371922669,1,trend_invalid,both
BTCUSDT,short,2022-06-18 11:10:00+00:00,2022-06-18 11:15:00+00:00,19235.689875,19370.0413,0.018044277324936537,347.0941226409738,173.5470613204869,2,-2.424274371700425,0.27864500786145924,0.0,-2.7029193795618847,-0.928135263358508,1,trend_invalid,both
BTCUSDT,long,2022-06-20 13:30:00+00:00,2022-06-20 13:45:00+00:00,20612.651875000003,20444.910140077176,0.01788208552090304,368.59720364135245,184.29860182067623,2,-2.999572049314643,0.2936779340933561,0.0,-3.293249983407999,-1.1324210325860344,3,stop_loss,both
BTCUSDT,short,2022-06-22 17:45:00+00:00,2022-06-22 18:10:00+00:00,20197.849275,20342.590409585857,0.018835888256270458,380.4444319608933,190.22221598044666,2,-2.7263278371449933,0.3054460767035727,0.0,-3.031773913848566,-1.0442833990374873,5,stop_loss,both
BTCUSDT,long,2022-06-23 22:20:00+00:00,2022-06-23 22:25:00+00:00,20841.509075,20991.834353562925,0.025699285913012914,535.6119005770784,267.8059502885392,2,3.863252313741867,0.4300348213871595,0.0,3.433217492354707,1.1844144630333893,1,take_profit,both
BTCUSDT,short,2022-06-30 13:35:00+00:00,2022-06-30 13:40:00+00:00,19119.119025000004,18972.3125489991,0.02642890894491804,505.2974558187753,252.64872790938765,2,3.8799349867521817,0.4026859906603194,0.0,3.4772489960918627,1.1974772832373748,1,take_profit,both
BTCUSDT,long,2022-07-05 21:50:00+00:00,2022-07-05 22:15:00+00:00,20413.402075,20262.06096246465,0.01987099642740171,405.6346397034397,202.81731985171984,2,-3.0072987065089856,0.3233047922801482,0.0,-3.3306034987891335,-1.144919731379548,5,stop_loss,both
BTCUSDT,long,2022-07-08 03:30:00+00:00,2022-07-08 04:10:00+00:00,22026.005125000003,22176.22502911046,0.02571535662331598,566.4065767763606,283.2032883881803,2,3.8629584061207503,0.4546704447835368,0.0,3.4082879613372135,1.1736399285967565,8,take_profit,both
BTCUSDT,long,2022-07-08 17:15:00+00:00,2022-07-08 17:20:00+00:00,21814.852350000005,21646.577764899197,0.01786268034527287,389.6717343073748,194.8358671536874,2,-3.005835123889143,0.3105350533963442,0.0,-3.3163701772854877,-1.1399812570854633,1,stop_loss,both
BTCUSDT,short,2022-07-13 14:25:00+00:00,2022-07-13 14:30:00+00:00,19200.598650000004,19380.89188960419,0.016552765494134362,317.8230068004429,158.91150340022145,2,-2.984351715345885,0.2554521461264927,0.0,-3.2398038614723776,-1.1155696634211485,1,stop_loss,both
BTCUSDT,long,2022-07-18 09:25:00+00:00,2022-07-18 10:00:00+00:00,22331.5815,22199.668180952704,0.02294447610924198,512.3864382083401,256.19321910417005,2,-3.0266819973715133,0.4086984777677235,0.0,-3.4353804751392367,-1.184895792427983,7,stop_loss,both
BTCUSDT,long,2022-07-21 23:15:00+00:00,2022-07-21 23:40:00+00:00,23085.870025,23088.410650548332,0.029705041808209532,685.7667342715163,342.88336713575814,2,0.07546938813221246,0.5486435751724659,0.0,-0.4731741870402535,-0.16349291465158233,5,stop_loss,both
BTCUSDT,short,2022-07-23 18:50:00+00:00,2022-07-23 19:05:00+00:00,22076.779425,22162.202388466092,0.028184628653832016,622.2258299661842,311.1129149830921,2,-2.4076145038016468,0.498743709774468,0.0,-2.906358213576115,-1.0044620926132237,3,stop_loss,both
BTCUSDT,short,2022-07-25 06:40:00+00:00,2022-07-25 06:55:00+00:00,21843.53775,21911.142050496925,0.035270084655398756,770.4234256158985,385.21171280794925,2,-2.3844094015955655,0.617292504253357,0.0,-3.0017019058489223,-1.2878009469461507,3,stop_loss,both
BTCUSDT,long,2022-08-02 18:10:00+00:00,2022-08-02 18:20:00+00:00,23264.114575,23147.361341562097,0.02599546430098556,604.7614599284503,302.38072996422517,2,-3.03505451185964,0.4825951461380164,0.0,-3.5176496579976564,-1.2194646025163423,2,stop_loss,both
BTCUSDT,short,2022-08-07 04:45:00+00:00,2022-08-07 05:05:00+00:00,22957.559175,22963.29856479375,0.03344500515657976,767.81568499036,383.90784249518,2,-0.19195392124761973,0.614329329560787,0.0,-0.8062832508084068,-0.6411979527999646,4,stop_loss,both
BTCUSDT,short,2022-08-09 16:05:00+00:00,2022-08-09 16:15:00+00:00,23054.734875000002,23060.498558718755,0.03329004544408306,767.4931716900367,383.74658584501833,2,-0.19187329292260477,0.6140712866691984,0.0,-0.8059445795918031,-0.3277737580023755,2,stop_loss,both
BTCUSDT,long,2022-08-11 13:55:00+00:00,2022-08-11 14:20:00+00:00,24719.078225000005,24713.708374003192,0.02155625296189371,532.8507032029386,266.4253516014693,2,-0.11575386645496953,0.4262342610157689,0.0,-0.5419881274707384,-0.18839372990031278,5,stop_loss,both
BTCUSDT,long,2022-08-14 09:50:00+00:00,2022-08-14 10:00:00+00:00,24756.787650000002,24689.526075,0.03097954425469298,766.9539986072117,383.47699930360585,2,-2.0837329393528647,0.6127297057100283,0.0,-2.696462645062893,-1.0742521850070457,2,trend_invalid,both
BTCUSDT,long,2022-08-23 15:20:00+00:00,2022-08-23 15:55:00+00:00,21554.787350000002,21450.39815927532,0.029003035034160893,625.1542526659381,312.57712633296904,2,-3.027603355775697,0.4989123607904402,0.0,-3.5265157165661374,-1.2278814209824587,7,stop_loss,both
BTCUSDT,long,2022-08-24 18:10:00+00:00,2022-08-24 18:30:00+00:00,21667.415500000003,21661.998646125005,0.03528177171211582,764.4648072625599,382.23240363127996,2,-0.19111620181557634,0.6114953993293217,0.0,-0.8026116011448982,-0.33590355363797897,4,stop_loss,both
BTCUSDT,long,2022-09-09 14:05:00+00:00,2022-09-09 14:20:00+00:00,21063.164475,20978.548267205315,0.027901767574031983,587.6995195550575,293.84975977752873,2,-2.3609417628833356,0.4692152389388926,0.0,-2.830157001822228,-0.9876525475121788,3,stop_loss,both
BTCUSDT,long,2022-09-12 10:35:00+00:00,2022-09-12 11:40:00+00:00,22168.440725000004,22303.169657232116,0.028128582489378547,623.5668135940614,311.7834067970307,2,3.7897338839968584,0.500369344428848,0.0,3.2893645395680102,1.1496073748587168,13,take_profit,both
BTCUSDT,short,2022-09-19 05:30:00+00:00,2022-09-19 05:45:00+00:00,18772.405725,18777.09882643125,0.040715476579504854,764.3274456372004,382.1637228186002,2,-0.19108186140931627,0.611538389254324,0.0,-0.8026202506636404,-0.334734068199193,3,stop_loss,both
BTCUSDT,short,2022-09-20 15:45:00+00:00,2022-09-20 15:50:00+00:00,19011.945825000003,19114.070049521848,0.029431075373928816,559.5420105806263,279.77100529031316,2,-3.0056257494064633,0.4488358587642637,0.0,-3.454461608170727,-1.2057356654979146,1,stop_loss,both
BTCUSDT,short,2022-09-29 16:15:00+00:00,2022-09-29 16:30:00+00:00,19212.3957,19217.198798925,0.028057247008809034,539.0469317858806,269.5234658929403,2,-0.13476173294647253,0.4312914501218831,0.0,-0.5660531830683556,-0.1979316074157989,3,stop_loss,both
BTCUSDT,long,2022-09-30 16:30:00+00:00,2022-09-30 16:50:00+00:00,19812.451875000002,19705.892168876187,0.01716833739153598,340.14685834356965,170.07342917178482,2,-1.829452987076578,0.27138570548002516,0.0,-2.100838692556603,-0.7348176550074181,4,stop_loss,both
BTCUSDT,short,2022-10-07 18:00:00+00:00,2022-10-07 19:00:00+00:00,19407.147,19464.585763567895,0.039241103091732996,761.5578561434168,380.7789280717084,2,-2.253960442629408,0.6101478690917852,0.0,-2.864108311721193,-1.0914846719740408,12,stop_loss,both
BTCUSDT,short,2022-10-10 10:30:00+00:00,2022-10-10 11:05:00+00:00,19275.9798,19307.806934268214,0.039448693177128576,760.4122128187283,380.20610640936417,2,-1.2555388544540025,0.6088319857967642,0.0,-1.8643708402507668,-1.024326621656885,7,stop_loss,both
BTCUSDT,long,2022-10-17 15:30:00+00:00,2022-10-17 16:10:00+00:00,19541.08405,19515.10344479495,0.03887534911261118,759.666464482628,379.833232241314,2,-1.0100050975033075,0.6073291695471013,-0.04913486847825568,-1.6664691355286645,-0.6363437979959349,8,stop_loss,both
BTCUSDT,short,2022-10-18 21:30:00+00:00,2022-10-18 22:45:00+00:00,19265.782349999998,19310.524508871553,0.03939626551570675,758.9998768284166,379.4999384142083,2,-1.7626739706497208,0.6079049710509932,0.0,-2.370578941700714,-0.8774956656261905,15,stop_loss,both
BTCUSDT,short,2022-10-19 15:00:00+00:00,2022-10-19 15:10:00+00:00,19140.313725,19199.021982038714,0.03960497493108548,758.0516452517363,379.02582262586816,2,-2.325139048265982,0.6073713718206954,0.0,-2.932510420086677,-1.373481761127356,2,stop_loss,both
BTCUSDT,short,2022-10-20 22:10:00+00:00,2022-10-20 22:50:00+00:00,19022.8431,19027.598810774998,0.03978788223741917,756.8786410837017,378.43932054185086,2,-0.18921966027092138,0.6055786007310698,0.0,-0.7947982610019912,-0.4513733726056641,8,stop_loss,both
BTCUSDT,long,2022-10-25 20:45:00+00:00,2022-10-25 21:20:00+00:00,20152.336825000002,20089.403856054694,0.025686741046894664,517.6478575135744,258.8239287567872,2,-1.6165428766103889,0.4134716688602154,0.0,-2.0300145454706042,-0.7155238126192466,7,stop_loss,both
BTCUSDT,short,2022-11-07 03:05:00+00:00,2022-11-07 03:25:00+00:00,20938.3641,20917.540861359557,0.03609397144646619,755.7487159611128,377.8743579805564,2,0.7515933809110491,0.6042983354165259,0.0,0.14729504549452327,0.07648176373829263,4,stop_loss,both
BTCUSDT,short,2022-11-09 19:55:00+00:00,2022-11-09 20:30:00+00:00,16710.521325,16821.087318719947,0.013363422942420723,223.30976405431576,111.65488202715788,2,-1.477540137128662,0.17923882729830407,0.0,-1.6567789644269661,-0.5845504914009443,7,stop_loss,both
BTCUSDT,short,2022-11-13 08:20:00+00:00,2022-11-13 08:55:00+00:00,16715.22015,16642.483393719373,0.04517708505284267,755.1449223935397,377.57246119676984,2,3.286034624957841,0.6028015240648487,0.0,2.683233100892992,1.0653603682962582,7,take_profit,both
BTCUSDT,short,2022-11-20 14:20:00+00:00,2022-11-20 15:10:00+00:00,16539.364125,16561.135951468706,0.04572232704465577,756.218215633897,378.1091078169485,2,-0.995458570161688,0.6053727559351822,0.0,-1.6008313260968703,-1.0876203077529165,10,stop_loss,both
BTCUSDT,long,2022-11-30 21:50:00+00:00,2022-11-30 22:35:00+00:00,17072.467050000003,17068.198933237505,0.04425710009517681,755.5778831034581,377.78894155172907,2,-0.18889447077576765,0.6043867486944562,0.0,-0.7932812194702239,-0.3807912531724445,9,stop_loss,both
BTCUSDT,long,2022-12-04 17:55:00+00:00,2022-12-04 18:00:00+00:00,17015.752875000002,17047.13856964707,0.0443859625938338,755.2605706156701,377.63028530783504,2,1.3930842685863216,0.6047656901999706,0.0,0.788318578386351,0.6871891654244217,1,take_profit,both
BTCUSDT,short,2022-12-07 11:50:00+00:00,2022-12-07 12:30:00+00:00,16790.6013,16762.98608950644,0.044999930886752984,755.5758980470247,377.78794902351234,2,1.2426825636332117,0.6039636454121665,0.0,0.6387189182210453,0.6155534375997195,8,take_profit,both
BTCUSDT,long,2022-12-13 16:15:00+00:00,2022-12-13 16:50:00+00:00,17812.852100000004,17762.674863797583,0.042431800442238723,755.8313856143131,377.9156928071566,2,-2.1291104732841752,0.6038134643021369,0.0,-2.732923937586312,-1.0402185084031952,7,stop_loss,both
BTCUSDT,short,2022-12-16 15:15:00+00:00,2022-12-16 15:30:00+00:00,16972.655775000003,16912.841189609597,0.04446789153356752,754.7382160392785,377.36910801963927,2,2.6598284952658924,0.6027266414333166,0.0,2.0571018538325756,0.9963413064032354,3,take_profit,both
BTCUSDT,short,2022-12-19 18:45:00+00:00,2022-12-19 18:55:00+00:00,16582.153425,16536.08714022298,0.04556471270140908,755.5610567808116,377.7805283904058,2,2.0989970310862924,0.6036092466122147,0.0,1.4953877844740777,0.9017574842383819,2,take_profit,both
BTCUSDT,long,2022-12-20 11:20:00+00:00,2022-12-20 12:25:00+00:00,16810.80165,16806.5989495875,0.04498055640877787,756.1592118946012,378.0796059473006,2,-0.18903980297370176,0.6048517535944915,0.0,-0.7938915565681932,-0.5733517281204545,13,stop_loss,both
BTCUSDT,long,2022-12-27 02:05:00+00:00,2022-12-27 02:35:00+00:00,16878.218500000003,16859.00739986016,0.04478207550589381,755.8416552719739,377.92082763598694,2,-0.8603129370137967,0.6043291990427736,0.0,-1.4646421360565702,-1.5354357811937278,6,stop_loss,both
BTCUSDT,short,2022-12-27 15:55:00+00:00,2022-12-27 16:20:00+00:00,16789.301625,16759.402553049513,0.04498434868148075,755.2557984175513,377.62789920877566,2,1.3449902778734,0.6036666426228917,0.014729510039704395,0.7560531452902127,0.6800689513253784,5,take_profit,both
BTCUSDT,short,2022-12-27 20:45:00+00:00,2022-12-27 21:45:00+00:00,16660.133925,16667.374044607026,0.045351269268123086,755.5582196756673,377.77910983783363,2,-0.32834861383173236,0.6045779151860665,0.0,-0.9329265290177988,-0.9723306756821828,12,stop_loss,both
BTCUSDT,long,2023-01-02 10:10:00+00:00,2023-01-02 11:15:00+00:00,16733.682375,16707.217031972625,0.04512963925933608,755.1850490640602,377.5925245320301,2,-1.194371383700048,0.6036702906977682,0.0,-1.798041674397816,-1.7876259323277917,13,stop_loss,both
BTCUSDT,long,2023-01-03 07:55:00+00:00,2023-01-03 08:05:00+00:00,16726.38055,16711.80805968706,0.04510634145498388,754.4658323943011,377.23291619715053,2,-0.6573117239049718,0.6033097412258789,-0.06768474521116183,-1.3283062103420125,-2.5124529830591267,2,stop_loss,both
BTCUSDT,short,2023-01-06 14:20:00+00:00,2023-01-06 14:30:00+00:00,16735.815,16772.436126166605,0.045049166109338824,753.9345099101643,376.9672549550821,2,-1.6497511957905198,0.6038075084064476,0.0,-2.2535587041969674,-1.542579978337286,2,stop_loss,both
BTCUSDT,long,2023-01-09 03:40:00+00:00,2023-01-09 05:25:00+00:00,17203.799875,17240.97799743731,0.043771323306473035,753.0330864284854,376.5165432142427,2,1.6273356171310498,0.6030774033896407,0.0,1.0242582137414091,0.7779365012526542,21,take_profit,both
BTCUSDT,long,2023-01-09 07:25:00+00:00,2023-01-09 07:35:00+00:00,17199.398775,17180.36722024086,0.0438063446036928,753.4427897139819,376.72139485699097,2,-0.8337028461230123,0.6024207506327364,0.0,-1.4361235967557486,-2.2248113946390626,2,stop_loss,both
BTCUSDT,long,2023-01-09 14:25:00+00:00,2023-01-09 14:30:00+00:00,17251.31175,17223.0810101382,0.04364122283485368,752.8683402752796,376.4341701376398,2,-1.2320240091015793,0.6018018626165831,0.0,-1.8338258717181624,-1.7564238874437383,1,stop_loss,both
BTCUSDT,long,2023-01-19 22:45:00+00:00,2023-01-19 23:05:00+00:00,21034.157225000003,21028.89868569375,0.0357577820628177,752.1348099265923,376.06740496329616,2,-0.18803370248168008,0.6016326344602811,0.0,-0.7896663369419612,-0.4546683979725124,4,stop_loss,both
BTCUSDT,long,2023-01-21 11:30:00+00:00,2023-01-21 12:25:00+00:00,22828.5057,23039.99218365525,0.017899911933926874,408.6282416131477,204.31412080657384,2,3.785589432644802,0.3284168290635761,0.0,3.457172603581226,1.226242970320935,11,take_profit,both
BTCUSDT,long,2023-01-25 23:35:00+00:00,2023-01-25 23:55:00+00:00,23152.5867,23040.681575222665,0.014576472799335544,337.4830502668079,168.74152513340394,2,-1.6311820074230736,0.2693339674104771,0.0,-1.9005159748335507,-0.6728664902151024,4,stop_loss,both
BTCUSDT,long,2023-01-29 12:45:00+00:00,2023-01-29 12:50:00+00:00,23436.957775,23532.497691161363,0.032104917936317555,752.4416060433147,376.22080302165733,2,3.0673011680032536,0.6031802053018531,0.0,2.4641209627014007,1.0437813361903465,1,take_profit,both
BTCUSDT,short,2023-01-31 00:35:00+00:00,2023-01-31 00:45:00+00:00,22739.013825,22806.926263342986,0.033133682059687794,753.4272544283953,376.71362721419763,2,-2.2501891399545952,0.603641879198698,0.0,-2.853831019153293,-1.384469745881318,2,stop_loss,both
BTCUSDT,short,2023-02-05 20:40:00+00:00,2023-02-05 21:10:00+00:00,22854.384975,22860.098571243754,0.03291647195247851,752.2857220207337,376.14286101036686,2,-0.18807143050529115,0.6019038061887891,0.0,-0.7899752366940804,-0.40938148651370737,6,stop_loss,both
BTCUSDT,long,2023-02-17 22:40:00+00:00,2023-02-17 23:25:00+00:00,24659.363300000005,24540.5479154903,0.013555635791742307,334.27334775105675,167.13667387552837,2,-1.6106180788693683,0.26677443096929765,0.0,-1.877392509838666,-0.6657688220260356,9,stop_loss,both
BTCUSDT,long,2023-02-26 23:05:00+00:00,2023-02-26 23:20:00+00:00,23525.779975000005,23485.696093872786,0.03193172663012294,751.2187749221207,375.60938746106035,2,-1.2799475344286941,0.6004630409239251,0.0,-1.8804105753526192,-0.6784312840887086,3,stop_loss,both
BTCUSDT,short,2023-03-07 16:30:00+00:00,2023-03-07 17:20:00+00:00,22218.0441,22309.689032776263,0.02433123338879336,540.5924164396033,270.29620821980166,2,-2.2298342482795546,0.43336586685099443,0.0,-2.6632001151305493,-0.9463268415277098,10,stop_loss,both
BTCUSDT,short,2023-03-11 09:25:00+00:00,2023-03-11 09:45:00+00:00,20013.99525,20086.991494506503,0.02451195181168348,490.58208712726207,245.29104356363104,2,-1.7892804277772663,0.3931813818729206,0.0,-2.182461809650187,-0.7766063284209613,4,stop_loss,both
BTCUSDT,long,2023-03-12 20:25:00+00:00,2023-03-12 20:30:00+00:00,20903.324525,21090.850984237033,0.020081371842561684,419.7674325322641,209.88371626613204,2,3.7657885582578485,0.3373202614491144,0.0,3.428468296808734,1.2214076026153815,1,take_profit,both
BTCUSDT,long,2023-03-22 18:00:00+00:00,2023-03-22 18:05:00+00:00,28507.525100000003,28781.07710629566,0.013815866448993939,393.8561595729426,196.9280797864713,2,3.7793579858351407,0.31659667085268817,0.0,3.4627613149824525,1.2313686435625812,1,take_profit,both
BTCUSDT,long,2023-03-27 00:55:00+00:00,2023-03-27 01:05:00+00:00,28010.100775000003,27930.493584602467,0.026821925554703176,751.2848377667838,375.6424188833919,2,-2.1352181344617733,0.6001737829596423,0.0,-2.7353919174214156,-1.4042889943526757,2,stop_loss,both
BTCUSDT,long,2023-03-27 12:15:00+00:00,2023-03-27 12:20:00+00:00,27903.474125,27834.821536545296,0.026885207112174077,750.1906809998153,375.09534049990765,2,-1.8457390593915821,0.5994142491760956,0.0,-2.445153308567678,-1.4742218758630892,1,stop_loss,both
BTCUSDT,long,2023-03-29 10:25:00+00:00,2023-03-29 10:50:00+00:00,28398.497850000003,28312.21911062617,0.024299062719652847,690.0568804010766,345.0284402005383,2,-2.0964924994173413,0.5512069073210943,0.0,-2.6476994067384356,-0.9423935964068774,5,stop_loss,both
BTCUSDT,long,2023-03-30 04:20:00+00:00,2023-03-30 05:00:00+00:00,28590.545850000002,28507.071450000003,0.017188833923394032,491.4381443948325,245.71907219741624,2,-1.4348275984549481,0.392576584476484,0.0,-1.827404182931432,-0.6513472918557126,8,trend_invalid,both
BTCUSDT,short,2023-04-03 23:35:00+00:00,2023-04-04 00:20:00+00:00,27758.258700000002,27845.453256843317,0.022421760483255615,622.3890280036464,311.1945140018232,2,-1.9550554689844208,0.4986932445905109,-0.037459907166279276,-2.491208620741211,-0.8888175420498798,9,stop_loss,both
BTCUSDT,short,2023-04-07 11:15:00+00:00,2023-04-07 11:30:00+00:00,27876.02925,27921.978750000002,0.02677662905638627,746.4260947922236,373.2130473961118,2,-1.2303727168264864,0.5976330249205095,0.0,-1.828005741746996,-1.6709924159976233,3,trend_invalid,both
BTCUSDT,long,2023-04-08 08:20:00+00:00,2023-04-08 08:45:00+00:00,28093.521625,28059.78572810588,0.026543304269548828,745.6948924955249,372.84744624776243,2,-0.8954621760668224,0.5961977291259932,0.0,-1.4916599051928157,-2.103252629003179,5,stop_loss,both
BTCUSDT,long,2023-04-10 00:10:00+00:00,2023-04-10 00:50:00+00:00,28356.987475000005,28349.898228131256,0.026275648257429982,745.0982285334477,372.54911426672385,2,-0.18627455713333266,0.5960040730039049,0.0,-0.7822786301372375,-0.45226525212370056,8,stop_loss,both
BTCUSDT,long,2023-04-14 03:25:00+00:00,2023-04-14 04:50:00+00:00,30699.773025000002,30662.846026268133,0.024260287412382026,744.7853170813928,372.3926585406964,2,-0.895859602511818,0.5954699098241096,0.0,-1.4913295123359276,-0.7270805035225401,17,stop_loss,both
BTCUSDT,long,2023-04-16 20:35:00+00:00,2023-04-16 20:55:00+00:00,30387.39495,30326.816400000003,0.024490048801516576,744.1887852764584,372.0943926382292,2,-1.4835716458250718,0.5947575995628367,0.0,-2.0783292453879083,-1.0994552171075065,4,trend_invalid,both
BTCUSDT,long,2023-04-18 16:10:00+00:00,2023-04-18 16:30:00+00:00,30247.660025,30155.854991084394,0.02457570116048351,743.3574535783032,371.6787267891516,2,-2.2561730785380125,0.5937834936312274,0.0,-2.8499565721692397,-1.3762245488180394,4,stop_loss,both
BTCUSDT,short,2023-04-19 12:15:00+00:00,2023-04-19 13:25:00+00:00,29200.49805,29251.26954829576,0.025417972997533702,742.2174709494354,371.1087354747177,2,-1.2905085727260142,0.5942901801886388,0.0,-1.884798752914653,-0.9712311540334339,14,stop_loss,both
BTCUSDT,short,2023-04-20 13:45:00+00:00,2023-04-20 13:50:00+00:00,28736.814000000002,28857.505726127794,0.024502194882099988,704.1150169186593,352.05750845932965,2,-2.9572121942402037,0.5644748984126235,0.0,-3.521687092652827,-1.2665714399668293,1,stop_loss,both
BTCUSDT,short,2023-04-21 08:35:00+00:00,2023-04-21 09:35:00+00:00,28047.98625,28054.998246562503,0.026385312300672148,740.0548766112083,370.02743830560416,2,-0.18501371915284787,0.5921179067766278,0.0,-0.7771316259294756,-0.2874853334208498,12,stop_loss,both
BTCUSDT,short,2023-04-23 17:30:00+00:00,2023-04-23 17:55:00+00:00,27522.91755,27529.7982793875,0.026877384006145692,739.7440239608366,369.8720119804183,2,-0.18493600599029997,0.5918691935710654,0.0,-0.7768051995613654,-0.3651448216081892,5,stop_loss,both
BTCUSDT,long,2023-04-26 14:55:00+00:00,2023-04-26 15:25:00+00:00,29678.517775,29671.09814555625,0.020379342517101093,604.828679136598,302.414339568299,2,-0.15120716978414395,0.48380246044136477,0.0,-0.6350096302255087,-0.22900767515163684,6,stop_loss,both
BTCUSDT,short,2023-05-08 21:10:00+00:00,2023-05-08 21:40:00+00:00,27423.1425,27524.825102504805,0.0269545803523036,739.1792980289218,369.5896490144609,2,-2.7408118796470617,0.5924397631749962,0.0,-3.3332516428220584,-1.2640444125232533,6,stop_loss,both
BTCUSDT,long,2023-05-20 20:05:00+00:00,2023-05-20 20:25:00+00:00,27072.666475000005,27018.976202051726,0.027254278704063,737.8459973717929,368.92299868589646,2,-1.4632896626296106,0.5896914820323825,0.0,-2.052981144661993,-1.604959883039318,4,stop_loss,both
BTCUSDT,short,2023-05-24 10:00:00+00:00,2023-05-24 11:15:00+00:00,26729.815875,26725.185813611228,0.02757313437401028,737.0248049139282,368.5124024569641,2,0.12766530483253932,0.5895687778092096,0.0,-0.4619034729766702,-0.35711581259965974,15,stop_loss,both
BTCUSDT,short,2023-05-24 18:05:00+00:00,2023-05-24 19:15:00+00:00,26230.040849999998,26267.203257399557,0.028091456194767515,736.8400435247374,368.4200217623687,2,-1.0439461395568161,0.5898896132756126,0.0,-1.6338357528324288,-0.7412741572297393,14,stop_loss,both
BTCUSDT,long,2023-05-26 18:40:00+00:00,2023-05-26 19:35:00+00:00,26735.182125000003,26807.794018076704,0.02753624440565147,736.1865092236045,368.09325461180225,2,1.999458834517061,0.5897489909126905,0.0,1.4097098436043705,0.890284589452446,11,take_profit,both
BTCUSDT,short,2023-06-05 14:15:00+00:00,2023-06-05 14:20:00+00:00,26701.12305,26767.147281588583,0.027592487094322663,736.7503931610463,368.37519658052315,2,-1.821772758020585,0.5901290236320453,0.0,-2.41190178165263,-1.4732087322380092,1,stop_loss,both
BTCUSDT,short,2023-06-05 21:20:00+00:00,2023-06-05 21:40:00+00:00,25558.60875,25564.998402187503,0.028788172300199446,735.7856324483852,367.8928162241926,2,-0.1839464081121852,0.588702084521953,0.0,-0.7726484926341383,-0.35444998871014916,4,stop_loss,both
BTCUSDT,short,2023-06-10 08:05:00+00:00,2023-06-10 08:25:00+00:00,25597.79895,25711.16321792769,0.0257909722552388,660.1921225146309,330.09606125731545,2,-2.9237746888584866,0.5293232078872482,0.0,-3.453097896745735,-1.2520128302368034,4,stop_loss,both
BTCUSDT,short,2023-06-13 17:35:00+00:00,2023-06-13 18:05:00+00:00,25798.54875,25860.532468033958,0.02845490810379918,734.0953338926332,367.0476669463166,2,-1.763741000588029,0.5879817635143418,0.0,-2.351722764102371,-1.3085338098506905,6,stop_loss,both
BTCUSDT,long,2023-06-14 13:55:00+00:00,2023-06-14 14:25:00+00:00,26002.0989,25963.18917344001,0.028195979394070845,733.1546447869922,366.5773223934961,2,-1.0970978483144689,0.586084876690268,0.0,-1.683182725004737,-1.2570361995931527,6,stop_loss,both
BTCUSDT,long,2023-06-15 22:40:00+00:00,2023-06-15 23:35:00+00:00,25606.299975000005,25544.272931341035,0.028605513971644788,732.4813716969902,366.2406858484951,2,-1.7743154640065104,0.5852753711719896,0.0,-2.3595908351785004,-0.9958141054734196,11,stop_loss,both
BTCUSDT,long,2023-06-17 08:05:00+00:00,2023-06-17 08:40:00+00:00,26647.860300000004,26576.221659651437,0.027452017802829697,731.5375353629188,365.7687676814594,2,-1.9666252302193667,0.5844433781982474,0.0,-2.551068608417614,-1.4298214039574872,7,stop_loss,both
BTCUSDT,long,2023-06-19 19:55:00+00:00,2023-06-19 20:10:00+00:00,26685.269650000002,26834.659600254538,0.024205827540563055,645.9390350213215,322.96951751066075,2,3.6161073721545804,0.5181976709659191,0.0,3.0979097011886614,1.1308554511515767,3,take_profit,both
BTCUSDT,long,2023-06-20 03:10:00+00:00,2023-06-20 03:40:00+00:00,26933.631725000003,26892.35682488213,0.027168867506300882,731.7562718000272,365.8781359000136,2,-1.1213922926383348,0.5849564605229665,0.0,-1.7063487531613015,-1.082819267364944,6,stop_loss,both
BTCUSDT,long,2023-06-26 15:40:00+00:00,2023-06-26 16:20:00+00:00,30452.211150000003,30344.85202510006,0.024007246261943865,731.0737322987628,365.5368661493814,2,-2.5773969499397382,0.5838280270590344,0.0,-3.1612249769987724,-1.3198016512774207,8,stop_loss,both
BTCUSDT,short,2023-06-26 19:10:00+00:00,2023-06-26 19:30:00+00:00,30110.0706,30208.606359985126,0.02423804487220177,729.8092423079632,364.9046211539816,2,-2.3883141720360066,0.584802719515185,0.0,-2.973116891551191,-1.3081797383123535,4,stop_loss,both
BTCUSDT,long,2023-06-30 07:10:00+00:00,2023-06-30 07:25:00+00:00,30733.681500000002,30656.13405,0.02370754039184478,728.6199955513428,364.3099977756714,2,-1.8384593031596073,0.5821606127198105,0.0,-2.4206199158794175,-1.0583059828229469,3,trend_invalid,both
BTCUSDT,long,2023-07-03 22:20:00+00:00,2023-07-03 23:15:00+00:00,31123.3789,31066.104197262423,0.02337958709184339,727.651747584991,363.8258737924955,2,-1.3390589008126266,0.5815857745076678,0.0,-1.9206446753202941,-1.049350574108121,11,stop_loss,both
BTCUSDT,short,2023-07-05 15:10:00+00:00,2023-07-05 15:20:00+00:00,30338.813400000003,30346.398103350006,0.02395886352347791,726.8834897148629,363.44174485743144,2,-0.18172087242879023,0.5815794801208619,0.0,-0.7633003525496521,-0.41405401925413254,2,stop_loss,both
BTCUSDT,long,2023-07-06 10:45:00+00:00,2023-07-06 11:05:00+00:00,31170.090575000002,31162.298052356255,0.023310107740161512,726.578169573843,363.2890847869215,2,-0.18164454239339922,0.581189877842117,0.0,-0.7628344202355162,-0.2831110355052584,4,stop_loss,both
BTCUSDT,long,2023-07-13 17:30:00+00:00,2023-07-13 17:35:00+00:00,30883.719,31050.238352253804,0.021554404518880733,665.6801723734428,332.8400861867214,2,3.5892254787004627,0.5339798280902345,0.0,3.055245650610228,1.1217987359150308,1,take_profit,both
BTCUSDT,short,2023-07-17 11:55:00+00:00,2023-07-17 12:05:00+00:00,30153.359775,30078.00342161175,0.024126503298287694,727.4951340659929,363.74756703299647,2,1.818085308568585,0.5812688731293669,0.0,1.2368164354392182,0.8532075477108998,2,take_profit,both
BTCUSDT,short,2023-07-19 14:10:00+00:00,2023-07-19 14:35:00+00:00,29906.32155,29798.227042776354,0.02434234044541558,727.9898606401686,363.9949303200843,2,2.6312732951174334,0.581339379194088,0.0,2.0499339159233454,1.005307405935951,5,take_profit,both
BTCUSDT,short,2023-07-23 00:50:00+00:00,2023-07-23 01:00:00+00:00,29728.965900000003,29786.567370888068,0.02451514245931231,728.8098342065379,364.40491710326893,2,-1.4121082646868393,0.5836127106711051,0.0,-1.9957209753579443,-1.623067307792147,2,stop_loss,both
BTCUSDT,short,2023-07-24 16:20:00+00:00,2023-07-24 16:35:00+00:00,29020.94295,29117.700403419967,0.025085730228362364,728.0115458163947,364.00577290819734,2,-2.4272313740766203,0.5833801292027463,0.0,-3.0106115032793666,-1.3412283750880398,3,stop_loss,both
BTCUSDT,long,2023-07-31 03:45:00+00:00,2023-07-31 03:50:00+00:00,29441.758600000005,29405.01922214509,0.024686273367348476,726.807301215083,363.4036506075415,2,-0.9069583250727603,0.5810830576420374,0.0,-1.4880413827147976,-2.0512320438946263,1,stop_loss,both
BTCUSDT,long,2023-08-02 04:35:00+00:00,2023-08-02 04:45:00+00:00,29710.925875,29643.487003450464,0.024442593533345987,726.212084661997,363.1060423309985,2,-1.6483809256328636,0.5803103153593445,0.0,-2.228691240992208,-1.519015326471425,2,stop_loss,both
BTCUSDT,long,2023-08-04 14:35:00+00:00,2023-08-04 15:15:00+00:00,29253.411525,29222.248603027685,0.024794393896443164,725.3206081656001,362.66030408280005,2,-0.7726657623456894,0.5799474202275419,0.0,-1.352613182573231,-1.0338707547916683,8,stop_loss,both
BTCUSDT,short,2023-08-05 14:40:00+00:00,2023-08-05 14:45:00+00:00,29020.842975,29051.252351884516,0.024974449002633452,724.7795628925708,362.3897814462854,2,-0.7594574322042041,0.5801274332869384,0.0,-1.3395848654911426,-2.317147775603663,1,stop_loss,both
BTCUSDT,long,2023-08-06 22:20:00+00:00,2023-08-06 22:35:00+00:00,29152.0862,29103.107958389148,0.024843632938570764,724.2437289463743,362.12186447318714,2,-1.2167974565566828,0.5789082641744767,0.0,-1.7957057207311595,-1.7333141702996169,3,stop_loss,both
BTCUSDT,short,2023-08-07 17:30:00+00:00,2023-08-07 17:40:00+00:00,28886.276625000002,28962.0387,0.02504737651206654,723.5254466580818,361.7627233290409,2,-1.8976412178603919,0.5795794138136097,0.0,-2.4772206316740015,-1.2408571472073628,2,trend_invalid,both
BTCUSDT,long,2023-08-08 14:30:00+00:00,2023-08-08 14:50:00+00:00,29455.261975000005,29447.898159506254,0.024529897544916062,722.5345584054121,361.26727920270605,2,-0.18063363960137102,0.5779553932684891,0.0,-0.7585890328698601,-0.4271955972032664,4,stop_loss,both
BTCUSDT,long,2023-08-09 14:35:00+00:00,2023-08-09 14:50:00+00:00,29941.983625,29855.016469593316,0.02412101789372561,722.2311227922642,361.1155613961321,2,-2.097736311731052,0.576945803709119,0.0,-2.674682115440171,-1.3947649640488045,3,stop_loss,both
BTCUSDT,short,2023-08-17 23:35:00+00:00,2023-08-18 02:10:00+00:00,26502.272775,26662.519608161227,0.00836662645233734,221.73461644637473,110.86730822318737,2,-1.3407253932299965,0.1779239833143918,0.0,-1.5186493765443883,-0.5615570264053679,31,stop_loss,both
BTCUSDT,short,2023-08-21 06:45:00+00:00,2023-08-21 07:05:00+00:00,26056.384275000004,26018.009831398504,0.027653636920254174,720.5537901954704,360.2768950977352,2,1.0611929303726626,0.5760185549842273,0.0,0.48517437538843533,0.5392382311707917,4,take_profit,both
BTCUSDT,long,2023-08-28 16:20:00+00:00,2023-08-28 17:20:00+00:00,26138.1329,26133.50346011695,0.027574573237617358,720.7478599456258,360.3739299728129,2,-0.127654829104323,0.576547226024859,0.0,-0.7042020551291819,-0.5709848964550642,12,stop_loss,both
BTCUSDT,short,2023-08-29 11:40:00+00:00,2023-08-29 12:30:00+00:00,25963.5075,25991.07372369396,0.02774918524099928,720.4661791235741,360.23308956178704,2,-0.7649402476785372,0.5766789193979307,0.0,-1.3416191670764679,-1.464510828676646,10,stop_loss,both
BTCUSDT,short,2023-09-01 16:05:00+00:00,2023-09-01 16:25:00+00:00,25786.15185,25882.70817053175,0.027506510911004846,709.2870672148528,354.6435336074264,2,-2.6559274842331213,0.5684920247655755,0.0,-3.224419508998697,-1.1943463420090523,4,stop_loss,both
BTCUSDT,long,2023-09-08 00:00:00+00:00,2023-09-08 00:40:00+00:00,26247.260175000003,26350.561834675325,0.027379610628374625,718.6397636531441,359.31988182657204,2,2.828359219175193,0.5760431546101854,0.0,2.2523160645650075,1.032528724608446,8,take_profit,both
BTCUSDT,short,2023-09-10 16:30:00+00:00,2023-09-10 16:45:00+00:00,25742.062875,25710.355780523096,0.027951943617454556,719.5406900789701,359.77034503948505,2,0.8862749170917219,0.5752780420963395,0.0,0.3109968749953824,0.40244279576085135,3,take_profit,both
BTCUSDT,short,2023-09-25 01:45:00+00:00,2023-09-25 02:15:00+00:00,26240.03835,26216.899349653384,0.027426220923528807,719.6650888289682,359.8325444144841,2,0.6346153354558705,0.5754782249289923,0.0,0.0591371105268782,0.029510872158124344,6,stop_loss,both
BTCUSDT,long,2023-09-28 19:20:00+00:00,2023-09-28 19:50:00+00:00,27062.263875,27055.498309031253,0.0265938114785003,719.688743673179,359.8443718365895,2,-0.179922185918241,0.575679026064176,0.0,-0.7556012119824169,-0.3048040182358899,6,stop_loss,both
BTCUSDT,long,2023-10-01 08:35:00+00:00,2023-10-01 08:55:00+00:00,27117.277625000002,27110.86607675906,0.02652871402272211,719.3865031883861,359.69325159419304,2,-0.1700901297268738,0.5754411664988182,0.0,-0.7455312962256919,-1.1484353646194718,4,stop_loss,both
BTCUSDT,long,2023-10-02 06:25:00+00:00,2023-10-02 07:00:00+00:00,28029.105525000003,28106.410780777987,0.02565505667059262,719.0882906698957,359.54414533494787,2,1.9832707179188553,0.5760639408230841,0.0,1.4072067770957712,0.8971110648797649,7,take_profit,both
BTCUSDT,short,2023-10-10 14:50:00+00:00,2023-10-10 15:00:00+00:00,27445.33695,27452.198284237504,0.02622125480520778,719.6511733807341,359.82558669036706,2,-0.17991279334525925,0.5757929038219254,0.0,-0.7557056971671847,-0.31798335751286677,2,stop_loss,both
BTCUSDT,short,2023-10-13 17:10:00+00:00,2023-10-13 17:30:00+00:00,26747.211525000002,26695.75883134961,0.026894350853340666,719.3488911018671,359.67444555093357,2,1.383786795383136,0.5749255981633405,0.0,0.8088611972197954,0.7136942906666277,4,take_profit,both
BTCUSDT,long,2023-10-15 23:50:00+00:00,2023-10-16 00:15:00+00:00,27133.781750000002,27126.9983045625,0.026523115804922955,719.6724355807551,359.83621779037753,2,-0.17991810889520551,0.5756659812210461,0.0,-0.7555840901162516,-0.5314569301765929,5,stop_loss,both
BTCUSDT,long,2023-10-16 14:35:00+00:00,2023-10-16 17:30:00+00:00,28238.757925,28106.75601904548,0.007109926169016247,200.77548395147244,100.38774197573622,2,-0.9385238055060843,0.16024497763897555,0.0,-1.0987687831450599,-0.4073076811446844,35,stop_loss,both
BTCUSDT,long,2023-10-23 18:55:00+00:00,2023-10-23 19:15:00+00:00,31106.074575000002,31137.982093979797,0.012927249622035338,402.1159907926718,201.0579953963359,2,0.4124764626716401,0.3218577832192061,0.0,0.09061867945243401,0.03361239320352853,4,stop_loss,both
BTCUSDT,short,2023-11-03 19:20:00+00:00,2023-11-03 19:55:00+00:00,34452.284775,34539.56517577094,0.02086848366076852,718.9669419032316,359.4834709516158,2,-1.8214096173937298,0.5759021173695428,0.0,-2.3973117347632726,-1.2287752416316962,7,stop_loss,both
BTCUSDT,long,2023-11-09 00:35:00+00:00,2023-11-09 01:10:00+00:00,35787.444625000004,35778.497763843756,0.01730031974562115,619.134234891211,309.5671174456055,2,-0.1547835587227665,0.49524547448947975,0.0,-0.6500290332122463,-0.24141941506027814,7,stop_loss,both
BTCUSDT,short,2023-11-16 21:10:00+00:00,2023-11-16 21:45:00+00:00,35857.0335,36048.9789616272,0.013288427857420576,476.4836028458628,238.2418014229314,2,-2.550653419392404,0.3822071436444472,0.0,-2.932860563036851,-1.0896528364348184,7,stop_loss,both
BTCUSDT,short,2023-11-26 18:05:00+00:00,2023-11-26 18:10:00+00:00,37229.190375,37316.742547969676,0.0192476616910804,716.5748613708266,358.2874306854133,2,-1.6851746056393062,0.5739339589389171,0.0,-2.259108564578223,-1.5004163302881632,1,stop_loss,both
BTCUSDT,short,2023-11-28 07:30:00+00:00,2023-11-28 07:45:00+00:00,36977.653275000004,37054.699548474724,0.019354154592304783,715.6712179449953,357.83560897249765,2,-1.491165487590718,0.5731334405510325,0.0,-2.0642989281417505,-1.5734948740691317,3,stop_loss,both
BTCUSDT,long,2023-12-20 17:30:00+00:00,2023-12-20 18:15:00+00:00,43946.883975000004,43985.84546474048,0.013813742018311682,607.0709177393259,303.53545886966293,2,0.5382039679240241,0.4858720157786303,0.0,0.05233195214539382,0.019521962816468032,9,stop_loss,both
BTCUSDT,short,2024-01-12 21:00:00+00:00,2024-01-12 21:40:00+00:00,43675.778325,43376.18757282252,0.011911091420283786,520.226188481124,260.113094240562,2,3.568452837857534,0.41475356964975624,0.0,3.153699268207778,1.1764246226582187,8,take_profit,both
BTCUSDT,short,2024-01-22 06:20:00+00:00,2024-01-22 06:30:00+00:00,41035.3386,41160.788535016094,0.017451492671779242,716.12791086188,358.06395543094,2,-2.1892886216085,0.5737780441381474,0.0,-2.7630666657466474,-1.3748281548076051,2,stop_loss,both
BTCUSDT,short,2024-01-22 11:45:00+00:00,2024-01-22 11:50:00+00:00,40755.4086,40878.116975000004,0.015878235168403986,647.1239621351943,323.5619810675972,2,-1.948392435382736,0.5184785266823086,0.0,-2.4668709620650446,-0.9200159254957857,1,trend_invalid,both
BTCUSDT,short,2024-01-22 21:05:00+00:00,2024-01-22 21:20:00+00:00,39995.5986,40204.24698522948,0.010708297864284627,428.2847830691652,214.1423915345826,2,-2.2342690579393207,0.3435215340785079,0.0,-2.5777905920178283,-0.9627118049143618,3,stop_loss,both
BTCUSDT,long,2024-01-26 14:15:00+00:00,2024-01-26 14:50:00+00:00,41172.990675,41374.30050305179,0.01731729485482531,713.004819573948,356.502409786974,2,3.4861416495469952,0.5717983123189772,0.0,2.914343337228018,1.0967107313752391,7,take_profit,both
BTCUSDT,short,2024-01-31 14:10:00+00:00,2024-01-31 14:25:00+00:00,42611.244525,42712.2754,0.016760143123485532,714.1705569088393,357.08527845441967,2,-1.6932919248909217,0.5720137622970278,0.0,-2.2653056871879493,-1.0199236583573856,3,trend_invalid,both
BTCUSDT,long,2024-02-01 16:55:00+00:00,2024-02-01 17:05:00+00:00,42644.658500000005,42832.42677938729,0.016725762609494554,713.2644346339641,356.63221731698206,2,3.140567666625032,0.5718677747738214,0.0,2.5686998918512103,1.067271051003276,2,take_profit,both
BTCUSDT,long,2024-02-08 17:35:00+00:00,2024-02-08 17:55:00+00:00,45153.685600000004,44993.98770557795,0.015819127610497967,714.2919145907046,357.1459572953523,2,-2.526281370990298,0.5704230191241675,0.0,-3.0967043901144655,-1.1793218153432141,4,stop_loss,both
BTCUSDT,long,2024-02-09 15:30:00+00:00,2024-02-09 15:50:00+00:00,47187.3939,46986.072503730225,0.009450731665961179,445.9553977649134,222.9776988824567,2,-1.9026344947623033,0.35600326441402586,0.0,-2.258637759176329,-0.8446822406970026,4,stop_loss,both
BTCUSDT,long,2024-02-10 23:00:00+00:00,2024-02-10 23:10:00+00:00,47830.754700000005,47818.797011325005,0.01488895130753578,712.1497777309883,356.07488886549413,2,-0.17803744443274852,0.5696486072070175,0.0,-0.7476860516397661,-0.32844288697267277,2,stop_loss,both
BTCUSDT,short,2024-02-17 16:05:00+00:00,2024-02-17 16:30:00+00:00,50913.368475,50926.096817118756,0.013981606886998107,711.8507033103324,355.9253516551662,2,-0.1779626758276259,0.569551747718597,0.0,-0.747514423546223,-0.2912194965698383,5,stop_loss,both
BTCUSDT,short,2024-02-26 11:05:00+00:00,2024-02-26 11:20:00+00:00,51134.21325,51262.55779505589,0.013915373921215342,711.551697540914,355.775848770457,2,-1.7859623352009313,0.5699557429668116,0.0,-2.355918078167743,-1.4654216507879252,3,stop_loss,both
BTCUSDT,long,2024-02-27 04:35:00+00:00,2024-02-27 04:50:00+00:00,56131.12927500001,55839.136725,0.008324848887652706,467.28316910767404,233.64158455383702,2,-2.4307938550704598,0.3728542177441111,0.0,-2.8036480728145707,-1.0521104271992923,3,trend_invalid,both
BTCUSDT,long,2024-02-28 19:00:00+00:00,2024-02-28 19:40:00+00:00,61190.8939,60790.60746309223,0.002804613192508145,171.61678829330617,85.80839414665309,2,-1.1226486217336178,0.1368443711859515,0.0,-1.2594929929195693,-0.47339047191938155,8,stop_loss,both
BTCUSDT,long,2024-03-10 03:25:00+00:00,2024-03-10 04:10:00+00:00,69085.86715,69345.39140160233,0.010262360496163405,708.9840738833532,354.4920369416766,2,2.663331427440105,0.5682525916776586,0.0,2.0950788357624464,1.0170613283497796,9,take_profit,both
BTCUSDT,short,2024-03-14 17:25:00+00:00,2024-03-14 18:25:00+00:00,71006.144025,70791.04321497357,0.004945706985696974,351.17558253184797,175.58779126592398,2,1.0638255787767916,0.2805149357939677,0.0,0.7833106429828239,0.2942749127344333,12,stop_loss,both
BTCUSDT,short,2024-03-15 10:15:00+00:00,2024-03-15 10:20:00+00:00,67492.822575,67908.77295000001,0.004170466005280804,281.4765221494863,140.73826107474315,2,-1.7347068988213645,0.22587510047911757,0.0,-1.960581999300482,-0.7362283933918243,1,trend_invalid,both
BTCUSDT,short,2024-03-16 19:50:00+00:00,2024-03-16 20:25:00+00:00,67253.1825,67210.05707815208,0.006505431089423343,437.51094429816186,218.75547214908093,2,0.2805494600339247,0.34989653565451595,0.0,-0.0693470756205912,-0.026069672653388942,7,stop_loss,both
BTCUSDT,short,2024-03-22 16:05:00+00:00,2024-03-22 16:50:00+00:00,63566.204475,62907.984994089165,0.005443957289533975,346.0517022196834,173.0258511098417,2,3.5833187412178,0.27540803427925964,0.0,3.3079107069385403,1.2435927669467566,9,take_profit,both
BTCUSDT,short,2024-04-01 07:45:00+00:00,2024-04-01 08:15:00+00:00,69601.495275,69618.89564881875,0.010210220621264638,710.6466223276582,355.3233111638291,2,-0.17766165558201943,0.5685883625243594,0.0,-0.7462500181063789,-0.34500741484221314,6,stop_loss,both
BTCUSDT,short,2024-04-01 11:35:00+00:00,2024-04-01 12:05:00+00:00,69552.307575,69654.26469972331,0.010213149600456167,710.3481223204157,355.1740611602078,2,-1.0413033676315402,0.5686950192033852,0.0,-1.6099983868349252,-1.042185844754135,6,stop_loss,both
BTCUSDT,short,2024-04-05 08:55:00+00:00,2024-04-05 09:05:00+00:00,67114.0173,66803.9454123527,0.010574603510818023,709.7041229656817,354.85206148284084,2,3.2788872717212274,0.5664517434638568,0.0,2.7124355282573704,1.0827217844322272,2,take_profit,both
BTCUSDT,short,2024-04-10 15:10:00+00:00,2024-04-10 15:25:00+00:00,68432.48760000001,68678.3653,0.007263116894007698,497.03315678653234,248.51657839326617,2,-1.7858384767297366,0.3983408608199178,0.0,-2.1841793375496543,-0.819438319551976,3,trend_invalid,both
BTCUSDT,short,2024-04-14 00:00:00+00:00,2024-04-14 00:25:00+00:00,63923.715075,62940.98758442931,0.0036776443068406743,235.08868681767913,117.54434340883957,2,3.6141221608731104,0.18662530058979407,0.0,3.4274968602833162,1.287476127417852,5,take_profit,both
BTCUSDT,long,2024-04-24 06:40:00+00:00,2024-04-24 07:30:00+00:00,66727.77777500001,66721.10349425033,0.010659525131864443,711.2864241860782,355.6432120930391,2,-0.07114466338830705,0.5690006814835072,0.0,-0.6401453448718143,-0.45590506043673773,10,stop_loss,both
BTCUSDT,short,2024-04-24 18:05:00+00:00,2024-04-24 18:45:00+00:00,64743.810000000005,64424.60654904782,0.010968333139378148,710.1316767926024,355.0658383963012,2,3.501129789282703,0.5667048895183688,0.0,2.934424899764334,1.1005343005995532,8,take_profit,both
BTCUSDT,long,2024-05-12 19:35:00+00:00,2024-05-12 20:00:00+00:00,61434.054675,61305.26949244958,0.011592986003866351,712.2041360080352,356.1020680040176,2,-1.4930048188123752,0.5691661068789032,0.0,-2.0621709256912784,-1.567853871957229,5,stop_loss,both
BTCUSDT,long,2024-05-22 12:20:00+00:00,2024-05-22 12:30:00+00:00,70131.5285,69933.52915965255,0.010143501544212867,711.3792676377586,355.6896338188793,2,-2.0084066145674973,0.5683000514643799,0.0,-2.576706666031877,-1.4072524034212175,2,stop_loss,both
BTCUSDT,long,2024-05-30 15:35:00+00:00,2024-05-30 16:10:00+00:00,68555.1345,68428.74278130899,0.010361712367019656,710.3485849713459,355.17429248567294,2,-1.30963463464952,0.5677550141232169,0.0,-1.8773896487727368,-0.7894294306832876,7,stop_loss,both
BTCUSDT,short,2024-06-11 07:40:00+00:00,2024-06-11 08:10:00+00:00,67693.0725,67437.00673188476,0.010482573813026981,709.5976291118368,354.7988145559184,2,2.684228315257423,0.5666044119633664,0.0,2.1176239032940565,1.020954175275515,6,take_profit,both
BTCUSDT,short,2024-06-11 13:45:00+00:00,2024-06-11 13:55:00+00:00,66973.952325,66656.12950354487,0.010607775918996497,710.4446786731545,355.22233933657725,2,3.3713932719392994,0.567007185629748,0.0,2.8043860863095516,1.0901890468386157,2,take_profit,both
BTCUSDT,short,2024-06-21 10:15:00+00:00,2024-06-21 10:40:00+00:00,63932.4129,64015.75541283021,0.011129979314572035,711.5664331076783,355.78321655383917,2,-0.9276004438246274,0.5696241866636725,0.0,-1.4972246304883,-0.5931842315272554,5,stop_loss,both
BTCUSDT,short,2024-06-24 08:15:00+00:00,2024-06-24 08:20:00+00:00,62345.709675000006,62520.75491557725,0.011403632214015422,710.9675432554831,355.48377162774153,2,-1.9961515443567488,0.5695724952221292,0.0,-2.565724039578878,-1.4113241526913962,1,stop_loss,both
BTCUSDT,long,2024-06-27 16:15:00+00:00,2024-06-27 16:25:00+00:00,61761.23645000001,61562.06535633922,0.011494932654309764,709.9412536396516,354.9706268198258,2,-2.2894583083160307,0.5670372195883948,0.0,-2.8564955279044253,-1.3521865151260701,2,stop_loss,both
BTCUSDT,long,2024-06-30 22:05:00+00:00,2024-06-30 22:15:00+00:00,62047.1079,62176.02526816009,0.011423556704219727,708.7986554284898,354.3993277142449,2,1.4726948653355336,0.5676280022889261,0.0,0.9050668630466077,0.7564459260009899,2,take_profit,both
BTCUSDT,long,2024-07-01 00:45:00+00:00,2024-07-01 01:05:00+00:00,62806.49770000001,62986.42931576266,0.011291199288982298,709.1606821737084,354.5803410868542,2,2.0316437319647,0.5681412032317525,0.0,1.4635025287329473,0.9136169802214632,4,take_profit,both
BTCUSDT,short,2024-07-03 06:45:00+00:00,2024-07-03 07:30:00+00:00,61013.242875,60988.36460522897,0.011632656284788594,709.7460831852017,354.8730415926008,2,0.2894003612066842,0.5676811064036786,0.0,-0.2782807451969945,-0.22681627056579107,9,stop_loss,both
BTCUSDT,short,2024-07-04 10:10:00+00:00,2024-07-04 10:45:00+00:00,57533.113125,57691.22712861926,0.008349377189982667,480.3656623945674,240.1828311972837,2,-1.3201534552354792,0.38482059129774815,0.0,-1.7049740465332273,-0.6406954174100269,7,stop_loss,both
BTCUSDT,short,2024-07-07 17:20:00+00:00,2024-07-07 17:35:00+00:00,56939.661525,56953.89644038126,0.012450948289484226,708.9527812685096,354.4763906342548,2,-0.17723819531717488,0.5672331202929346,0.0,-0.7444713156101095,-0.367569202438831,3,stop_loss,both
BTCUSDT,long,2024-07-09 08:15:00+00:00,2024-07-09 08:30:00+00:00,57374.239975000004,57627.46793640064,0.012351448891541774,708.6549927422656,354.3274963711328,2,3.1277322231492306,0.5681750870830722,0.0,2.559557136066158,1.0679734129781995,3,take_profit,both
BTCUSDT,long,2024-07-14 03:10:00+00:00,2024-07-14 03:45:00+00:00,59516.975525,59339.3161577033,0.011923973107447179,709.678815596692,354.839407798346,2,-2.118405517931922,0.5668956902701808,0.0,-2.6853012082021026,-1.3831269983999337,7,stop_loss,both
BTCUSDT,long,2024-07-15 00:30:00+00:00,2024-07-15 00:50:00+00:00,60965.2375,61232.112242256226,0.011623094146289696,708.6046951134111,354.30234755670557,2,3.1019102545108748,0.5681245201925333,0.0,2.5337857343183416,1.0655497715168003,4,take_profit,both
BTCUSDT,short,2024-07-18 17:45:00+00:00,2024-07-18 18:20:00+00:00,63612.792825,63561.66940445157,0.011155275187481732,709.6182094071385,354.80910470356923,2,0.5702958247430819,0.5674664491958136,0.0,0.0028293755472683646,0.0011972564018388938,7,stop_loss,both
BTCUSDT,long,2024-07-26 15:05:00+00:00,2024-07-26 15:45:00+00:00,67442.756475,67425.89578588125,0.009279351036417043,625.8250121951135,312.91250609755673,2,-0.15645625304879607,0.5005974272548712,0.0,-0.6570536803036673,-0.24691310479485795,8,stop_loss,both
BTCUSDT,long,2024-07-27 16:05:00+00:00,2024-07-27 16:10:00+00:00,68940.130725,68719.2914760011,0.0102894571307797,709.3565196852359,354.67825984261793,2,-2.2723159853676727,0.5665762893540417,0.0,-2.8388922747217142,-1.3547560414686024,1,stop_loss,both
BTCUSDT,short,2024-08-01 18:45:00+00:00,2024-08-01 19:00:00+00:00,62804.89485,63128.96160349636,0.008533125123791393,535.9220261416116,267.9610130708058,2,-2.7653021560453444,0.42984374177570744,0.0,-3.195145897821052,-1.2030693115135689,3,stop_loss,both
BTCUSDT,short,2024-08-31 18:50:00+00:00,2024-08-31 19:15:00+00:00,58894.572675,58909.29631816876,0.012003532283311856,706.9429044162188,353.4714522081094,2,-0.17673572610412788,0.5656250178234168,0.0,-0.7423607439275446,-0.5741458906202132,5,stop_loss,both
BTCUSDT,short,2024-09-01 12:30:00+00:00,2024-09-01 13:00:00+00:00,58027.4895,58022.4751301588,0.01217777929404731,706.6459601186477,353.32298005932387,2,0.06106388922494157,0.5652923425392282,0.0,-0.5042284533142867,-0.3273426333985809,6,stop_loss,both
BTCUSDT,short,2024-09-04 03:45:00+00:00,2024-09-04 04:45:00+00:00,56677.327125,56682.525645821894,0.01246431870683108,706.4442687373221,353.22213436866105,2,-0.06479602032813778,0.5651813333979889,0.0,-0.6299773537261268,-0.28119156094270475,12,stop_loss,both
BTCUSDT,long,2024-09-23 00:50:00+00:00,2024-09-23 01:05:00+00:00,63468.263100000004,63862.62259334613,0.00890192362583348,564.9896307805053,282.49481539025265,2,3.510558090889619,0.4533959278607601,0.0,3.057162163028859,1.154421067897968,3,take_profit,both
BTCUSDT,long,2024-09-24 10:20:00+00:00,2024-09-24 10:50:00+00:00,63630.403625000006,63537.22335532777,0.011117564911738261,707.4151426610431,353.70757133052155,2,-1.0359376965743714,0.5655177390502047,0.0,-1.601455435624576,-1.2441428077823997,6,stop_loss,both
BTCUSDT,short,2024-11-03 05:25:00+00:00,2024-11-03 05:40:00+00:00,68468.378625,68562.97835975589,0.010322641994456799,706.7745604867932,353.3872802433966,2,-0.9765191946556014,0.5658102560672968,0.0,-1.5423294507228984,-1.0864778123790915,3,stop_loss,both
BTCUSDT,long,2024-11-10 02:10:00+00:00,2024-11-10 02:15:00+00:00,76861.01045000002,77099.4074426473,0.009187462207068916,706.1576287065042,353.0788143532521,2,2.1902633602257553,0.5658022083092937,0.0,1.6244611519164618,0.9464565207727269,1,take_profit,both
BTCUSDT,long,2024-11-10 07:05:00+00:00,2024-11-10 07:25:00+00:00,79055.3589,78937.96108255546,0.008795148506435403,695.3036217550498,347.6518108775249,2,-1.032531238756219,0.5558298849085375,0.0,-1.5883611236647563,-0.5992622013011665,4,stop_loss,both
BTCUSDT,long,2024-11-12 00:50:00+00:00,2024-11-12 01:10:00+00:00,88417.09875,89442.90206221453,0.003484754801517269,308.111909405289,154.0559547026445,2,3.5746730176518944,0.24791939673129199,0.0,3.3267536209206026,1.2562579833027503,4,take_profit,both
BTCUSDT,long,2024-11-20 17:05:00+00:00,2024-11-20 17:10:00+00:00,94361.68452500002,93841.92188691802,0.005345869868685935,504.4452860606455,252.22264303032276,2,-2.7785834257912776,0.4024447954781999,0.0,-3.1810282212694774,-1.1989694289667459,1,stop_loss,both
BTCUSDT,short,2024-11-24 14:05:00+00:00,2024-11-24 14:15:00+00:00,97138.70925,96717.77657255487,0.007270328835233779,706.2303588776653,353.1151794388326,2,3.060318982521509,0.5637601595091236,0.0,2.4965588230123856,1.0641092474587706,2,take_profit,both
BTCUSDT,short,2024-11-26 09:50:00+00:00,2024-11-26 09:55:00+00:00,93319.8642,93760.7121282656,0.006353670862732546,592.923702081698,296.461851040849,2,-2.801002636717178,0.4754593627200453,0.0,-3.2764619994372235,-1.2354176958026186,1,stop_loss,both
BTCUSDT,long,2024-12-02 00:35:00+00:00,2024-12-02 00:45:00+00:00,97612.49702500002,97391.25383737244,0.007231844478133769,705.9183976070954,352.9591988035477,2,-1.5999963247692313,0.5640947195557686,0.0,-2.1640910443249997,-1.0905543767398318,2,stop_loss,both
BTCUSDT,short,2024-12-02 19:15:00+00:00,2024-12-02 19:30:00+00:00,95414.24047500001,95646.68072260867,0.0067262147340650304,641.776670122569,320.8883350612845,2,-1.5634430182550547,0.5140467133053572,0.0,-2.077489731560412,-0.7857529141718359,3,stop_loss,both
BTCUSDT,long,2024-12-04 22:20:00+00:00,2024-12-04 22:50:00+00:00,98245.05512500001,98220.49386121877,0.005642455080425076,554.3433104166979,277.17165520834897,2,-0.1385858276041442,0.4434192140023167,0.0,-0.5820050416064609,-0.22038703158087095,6,stop_loss,both
BTCUSDT,short,2024-12-08 11:05:00+00:00,2024-12-08 11:10:00+00:00,99219.288975,99430.49403993781,0.0070952832917143835,703.9889632800987,351.99448164004934,2,-1.4985597683786736,0.5637905945314304,0.0,-2.062350362910104,-1.5597492802920934,1,stop_loss,both
BTCUSDT,long,2024-12-08 15:55:00+00:00,2024-12-08 16:20:00+00:00,100041.20405,100016.1937489875,0.007028744104114314,703.1640231349346,351.5820115674673,2,-0.17579100578374887,0.5624609021056342,0.0,-0.7382519078893831,-0.40626195983333735,5,stop_loss,both
BTCUSDT,short,2024-12-09 22:20:00+00:00,2024-12-09 22:45:00+00:00,96664.927725,97193.53113963544,0.002985915687634371,288.63332413812014,144.31666206906007,2,-1.5783652282970442,0.23153800540181496,0.0,-1.8099032336988592,-0.6866728408273165,5,stop_loss,both
BTCUSDT,long,2024-12-13 16:35:00+00:00,2024-12-13 16:55:00+00:00,100765.5851,100740.393703725,0.005740004623854047,578.3949243993585,289.19746219967925,2,-0.1445987310998213,0.4626581000270469,0.0,-0.6072568311268682,-0.23062930031476342,4,stop_loss,both
BTCUSDT,short,2024-12-27 08:50:00+00:00,2024-12-27 09:00:00+00:00,95776.14997500001,96028.6158544787,0.006971802881116929,667.7324383379921,333.86621916899605,2,-1.760142345933289,0.534890007608767,0.0,-2.295032353542056,-0.8719290600733239,2,stop_loss,both
BTCUSDT,short,2025-01-13 13:45:00+00:00,2025-01-13 14:30:00+00:00,91159.904325,90523.84870754153,0.005504605314054588,501.7992937761028,250.8996468880514,2,3.5012351318961303,0.4000389409681238,0.0,3.1011961909280066,1.179749941936261,9,take_profit,both
BTCUSDT,long,2025-01-25 17:25:00+00:00,2025-01-25 17:35:00+00:00,104749.98095000001,104547.11983189869,0.0067038133803193085,702.2243238808028,351.1121619404014,2,-1.3599430778742028,0.5612354818734926,0.0,-1.9211785597476954,-1.6216813171103717,2,stop_loss,both
BTCUSDT,short,2025-02-02 15:05:00+00:00,2025-02-02 15:30:00+00:00,98897.16952499999,99044.14405751856,0.0070927798624164295,701.4558524569037,350.72792622845185,2,-1.042458004535746,0.5615816651673373,0.0,-1.6040396697030834,-0.7510429021356774,5,stop_loss,both
BTCUSDT,short,2025-02-03 03:45:00+00:00,2025-02-03 04:35:00+00:00,93797.444775,93516.52589145729,0.0029587198144928116,277.52035840458774,138.76017920229387,2,0.8311602670029995,0.22168382261686903,0.0,0.6094764443861305,0.23191174401271758,10,stop_loss,both
BTCUSDT,long,2025-02-21 15:05:00+00:00,2025-02-21 15:20:00+00:00,99104.87002500001,98819.57877425836,0.007073900878836017,701.0580271667768,350.5290135833884,2,-2.018122029345568,0.5600391729216833,0.0,-2.5781612022672515,-0.9849178544809776,3,stop_loss,both
BTCUSDT,long,2025-03-02 19:20:00+00:00,2025-03-02 20:35:00+00:00,93162.184725,93635.82686102515,0.0033280607188935726,310.0494074695793,155.02470373478965,2,1.5763097877181653,0.24867004989075073,0.0,1.3276397378274147,0.505748183201268,15,stop_loss,both
BTCUSDT,short,2025-03-03 21:50:00+00:00,2025-03-03 22:00:00+00:00,85853.53125,85874.99463281251,0.004239384544976126,363.9661335128749,181.98306675643744,2,-0.09099153337825229,0.2912093034236512,0.0,-0.38220083680190353,-0.14548438464881672,2,stop_loss,both
BTCUSDT,short,2025-03-10 16:00:00+00:00,2025-03-10 16:50:00+00:00,79989.697575,78991.9729260877,0.0035605888428971444,284.81042473226177,142.40521236613088,2,3.5524872532005767,0.2264273448845292,0.0,3.3260599083160476,1.2663378860592864,10,take_profit,both
BTCUSDT,short,2025-03-16 13:45:00+00:00,2025-03-16 14:00:00+00:00,82673.3265,82693.99483162501,0.008488050401717009,701.7353622096064,350.8676811048032,2,-0.17543384055251024,0.5614584633039061,0.0,-0.7368923038564164,-0.3068354100293272,3,stop_loss,both
BTCUSDT,long,2025-03-19 17:10:00+00:00,2025-03-19 17:30:00+00:00,84652.55785,84368.45297449613,0.008286112352694419,701.4406052880639,350.72030264403196,2,-2.3541249183732824,0.5602108342631018,0.0,-2.9143357526363842,-1.3372747773232316,4,stop_loss,both
BTCUSDT,short,2025-04-04 13:30:00+00:00,2025-04-04 13:45:00+00:00,82554.25627499999,82574.89483906874,0.0051397882575226535,424.3113970107608,212.1556985053804,2,-0.10607784925269685,0.3394915487483097,0.0,-0.4455693980010066,-0.16967409663884106,3,stop_loss,both
BTCUSDT,short,2025-04-06 22:00:00+00:00,2025-04-06 22:10:00+00:00,78900.86985,78920.5950674625,0.0051435357863853495,405.8294476504079,202.91472382520394,2,-0.10145736191261621,0.3247041410650914,0.0,-0.4261615029777076,-0.16232482837907708,2,stop_loss,both
BTCUSDT,short,2025-04-07 09:20:00+00:00,2025-04-07 09:25:00+00:00,75752.157225,76267.68290019342,0.005286839947096139,400.48953089583745,200.24476544791872,2,-2.725501733366288,0.32148182541001646,0.0,-3.046983558776305,-1.160878066600315,1,stop_loss,both
BTCUSDT,short,2025-04-08 18:55:00+00:00,2025-04-08 19:15:00+00:00,77231.28735000001,76619.49660830652,0.0057279598249621805,442.37771117090995,221.18885558545497,2,3.504312789704128,0.35250044382084633,0.0,3.1518123458832816,1.2029117052930844,4,take_profit,both
BTCUSDT,long,2025-04-11 12:35:00+00:00,2025-04-11 12:45:00+00:00,82309.97235,82044.98362500001,0.008504049875816301,699.9681101414607,349.98405507073034,2,-2.253477333928871,0.559073097179597,0.0,-2.812550431108468,-1.145185269917123,2,trend_invalid,both
BTCUSDT,long,2025-04-17 20:05:00+00:00,2025-04-17 21:10:00+00:00,84986.4413,84900.83037579096,0.00822299509520723,698.8430899690172,349.4215449845086,2,-0.7039782098671437,0.558792880691267,0.0,-1.2627710905584106,-0.6099019770789834,13,stop_loss,both
BTCUSDT,short,2025-04-20 13:15:00+00:00,2025-04-20 13:25:00+00:00,84169.75230000001,84313.30016446461,0.008296780760905172,698.337981532794,349.168990766397,2,-1.1909851601589696,0.5591467792902988,0.0,-1.7501319394492683,-1.722322242696102,2,stop_loss,both
BTCUSDT,long,2025-04-22 17:05:00+00:00,2025-04-22 17:35:00+00:00,90877.1136,91283.56391716696,0.0076767175047801495,697.6379287570142,348.8189643785071,2,3.1202042646190757,0.559358424711459,0.0,2.560845839907617,1.0718458610283816,6,take_profit,both
BTCUSDT,long,2025-04-25 11:10:00+00:00,2025-04-25 11:15:00+00:00,93778.6388,94000.92366189446,0.007450121648523834,698.6622670929772,349.3311335464886,2,1.6560492617390128,0.5595922333790774,0.0,1.0964570283599355,0.8258940222132235,1,take_profit,both
BTCUSDT,long,2025-04-25 13:50:00+00:00,2025-04-25 14:10:00+00:00,94579.338925,95035.10140868164,0.007391686787520239,699.1008499043212,349.5504249521606,2,3.3688535288769828,0.5606282213350078,0.0,2.8082253075419747,1.092791075587211,4,take_profit,both
BTCUSDT,long,2025-05-01 14:20:00+00:00,2025-05-01 14:45:00+00:00,96279.2638,96255.19398405,0.007272844768338766,700.224140027338,350.112070013669,2,-0.17505603500685282,0.5601092896078677,0.0,-0.7351653246147205,-0.33894953151526225,5,stop_loss,both
BTCUSDT,long,2025-05-01 18:50:00+00:00,2025-05-01 19:05:00+00:00,96866.41055,96616.03055352217,0.007225725304812506,699.9300738974921,349.96503694874605,2,-1.8091770763687223,0.5592203882874462,0.0,-2.3683974646561685,-1.4489127710356344,3,stop_loss,both
BTCUSDT,short,2025-05-05 01:05:00+00:00,2025-05-05 01:15:00+00:00,94509.36675,94245.29310375848,0.007395909410340321,698.9827149116296,349.4913574558148,2,1.9530647652605573,0.5584049460231995,0.0,1.3946598192373578,0.9042862059468698,2,take_profit,both
BTCUSDT,long,2025-05-07 04:15:00+00:00,2025-05-07 04:25:00+00:00,96679.96395,96481.8735,0.007235631357921338,699.5405788393246,349.7702894196623,2,-1.433309471724773,0.5590591392827697,0.0,-1.9923686110075427,-1.4858252418964197,2,trend_invalid,both
BTCUSDT,long,2025-05-12 08:45:00+00:00,2025-05-12 09:10:00+00:00,104493.71690000001,104339.82189085867,0.006686943982130675,698.7436313949215,349.37181569746076,2,-1.0290873052576461,0.5585832701938341,0.0,-1.5876705754514802,-0.6524033526228439,5,stop_loss,both
BTCUSDT,long,2025-05-19 19:20:00+00:00,2025-05-19 19:40:00+00:00,105026.25000000001,105394.23672040967,0.006646991234712662,698.1085631647409,349.05428158237044,2,2.4460045050536143,0.5594652523338142,0.0,1.8865392527198002,0.9927270218422866,4,take_profit,both
BTCUSDT,short,2025-05-25 10:55:00+00:00,2025-05-25 11:15:00+00:00,107006.0418,107032.79331045001,0.0065310627989776625,698.8631788658288,349.4315894329144,2,-0.1747157947164918,0.5591604294105497,0.0,-0.7338762241270413,-0.43163141309340486,4,stop_loss,both
BTCUSDT,short,2025-05-28 17:40:00+00:00,2025-05-28 17:50:00+00:00,107340.458175,107608.10795751333,0.0065079806836419625,698.569628376178,349.284814188089,2,-1.7418596145777012,0.5595524465467735,0.0,-2.301412061124475,-1.4688375058336345,2,stop_loss,both
BTCUSDT,long,2025-06-09 14:20:00+00:00,2025-06-09 14:45:00+00:00,107454.756975,107814.87353232663,0.006492491195285477,697.6490635517282,348.8245317758641,2,2.338053577719686,0.5590544722724704,0.0,1.7789991054472152,0.976402695326791,5,take_profit,both
BTCUSDT,short,2025-06-13 02:40:00+00:00,2025-06-13 03:05:00+00:00,103366.95180000001,103893.92773978731,0.005227157097829461,540.3152957823659,270.15764789118293,2,-2.7545860240445283,0.43335407103551055,0.0,-3.187940095080039,-1.2173041860634788,5,stop_loss,both
BTCUSDT,long,2025-06-16 11:40:00+00:00,2025-06-16 12:05:00+00:00,106860.408425,106717.44485647323,0.006523327932487968,697.0854871558751,348.54274357793753,2,-0.9325982398988447,0.5572953504287406,0.0,-1.4898935903275854,-1.579664756622938,5,stop_loss,both
BTCUSDT,long,2025-06-20 09:55:00+00:00,2025-06-20 10:50:00+00:00,105964.58452500001,105938.09337886877,0.006572851984857475,696.489529719744,348.244764859872,2,-0.1741223824298967,0.5571219748228233,0.0,-0.73124435725272,-0.543318786463325,11,stop_loss,both
BTCUSDT,short,2025-06-21 21:15:00+00:00,2025-06-21 21:20:00+00:00,102420.688425,102121.91185507058,0.006797425819751738,696.1970319768429,348.09851598842147,2,2.0309115707751344,0.5561452609531643,0.0,1.47476630982197,0.922768758927584,1,take_profit,both
BTCUSDT,long,2025-06-25 16:20:00+00:00,2025-06-25 16:30:00+00:00,107410.14582500001,107075.85779854214,0.006487161274652999,696.7869385007716,348.3934692503858,2,-2.168580339817676,0.5565621186646903,0.0,-2.7251424584823667,-1.3660667715952035,2,stop_loss,both
BTCUSDT,short,2025-06-30 16:25:00+00:00,2025-06-30 16:40:00+00:00,107273.075025,107502.46890000002,0.006485288888709926,695.6968815173788,347.8484407586894,2,-1.4876855486757654,0.5571525794333734,0.0,-2.044838128109139,-1.0801898388346007,3,trend_invalid,both
BTCUSDT,long,2025-07-02 13:05:00+00:00,2025-07-02 13:15:00+00:00,107434.25185,107459.92332178423,0.006467946062828521,694.8789462661352,347.4394731330676,2,0.1660416948537981,0.5559695736908498,0.0,-0.38992787883705166,-0.4064728026758807,2,stop_loss,both
BTCUSDT,long,2025-07-13 16:10:00+00:00,2025-07-13 16:50:00+00:00,118846.30415000001,118567.24990267657,0.005845558093567358,694.7229751146004,347.3614875573002,2,-1.6312278139858711,0.555125888966086,0.0,-2.186353702951957,-1.3945047807102666,8,stop_loss,both
BTCUSDT,long,2025-07-14 10:40:00+00:00,2025-07-14 10:45:00+00:00,122148.22942500001,121927.410525,0.00568038060723138,693.8484336334195,346.92421681670976,2,-1.254335397270239,0.5545770127478276,0.0,-1.8089124100180665,-1.2753330207255553,1,trend_invalid,both
BTCUSDT,long,2025-07-16 13:35:00+00:00,2025-07-16 13:40:00+00:00,118925.32390000002,118654.15927084521,0.005828236122797831,693.1248686694123,346.56243433470615,2,-1.5804114868651387,0.5538677303407837,0.0,-2.1342792172059224,-1.5163810297819038,1,stop_loss,both
BTCUSDT,long,2025-08-07 17:25:00+00:00,2025-08-07 17:35:00+00:00,116509.12000000001,116195.01165239167,0.005941776549187994,692.27115698253,346.135578491265,2,-1.8663616137234493,0.5530703809405346,0.0,-2.419431994663984,-1.4284745516102282,2,stop_loss,both
BTCUSDT,long,2025-08-10 08:15:00+00:00,2025-08-10 08:55:00+00:00,118012.19567500001,118339.87277235324,0.005857897823445987,691.3033841846644,345.6516920923322,2,1.9194989553785595,0.553810506929883,0.0,1.3656884484486764,0.9000692800770055,8,take_profit,both
BTCUSDT,long,2025-08-13 15:45:00+00:00,2025-08-13 16:40:00+00:00,121336.32650000001,121305.99241837501,0.005339693959992793,647.8988497397636,323.9494248698818,2,-0.1619747124349321,0.5182542899068369,-0.06456072413550594,-0.7447897264772749,-0.28707189630247715,11,stop_loss,both
BTCUSDT,short,2025-08-18 08:05:00+00:00,2025-08-18 08:20:00+00:00,115098.31822500001,115276.11319328895,0.006008356632297378,691.551743673453,345.7758718367265,2,-1.0682555769079836,0.5536686971695255,0.0,-1.621924274077509,-1.0587569986263148,3,stop_loss,both
BTCUSDT,short,2025-08-19 20:00:00+00:00,2025-08-19 20:15:00+00:00,113049.93045,113078.19293261251,0.006111485174857283,690.902973963822,345.451486981911,2,-0.17272574349101788,0.552791469468454,0.0,-0.7255172129594719,-0.4419853108797832,3,stop_loss,both
BTCUSDT,short,2025-08-24 22:05:00+00:00,2025-08-24 22:35:00+00:00,112797.99345,112971.86748761666,0.0056658419047175106,639.0955980570612,319.5477990285306,2,-0.9851428084709458,0.5116705355690374,0.0,-1.4968133440399833,-0.5779653144348529,6,stop_loss,both
BTCUSDT,short,2025-09-01 01:55:00+00:00,2025-09-01 02:25:00+00:00,107960.10322500001,107562.82464107858,0.006391379973979477,690.0140417410222,345.0070208705111,2,2.5391583853663775,0.5509955700386713,0.0,1.988162815327706,1.0115490858260678,6,take_profit,both
BTCUSDT,long,2025-09-15 07:20:00+00:00,2025-09-15 07:25:00+00:00,116299.36757500001,116082.21917446273,0.005939923159269623,690.8093068671533,345.40465343357664,2,-1.2898448133497264,0.5521315075683828,0.0,-1.8419763209181093,-1.6484162484842184,1,stop_loss,both
BTCUSDT,long,2025-09-16 19:05:00+00:00,2025-09-16 20:05:00+00:00,116513.12100000001,116793.66092712223,0.005922702185093694,690.072516338786,345.036258169393,2,1.6615544393727522,0.552722634846778,0.0,1.1088318045259742,0.8336861088042122,12,take_profit,both
BTCUSDT,short,2025-09-25 19:35:00+00:00,2025-09-25 20:35:00+00:00,109527.61125,109116.81853272145,0.00630449291443482,690.5160490605964,345.2580245302982,2,2.5898397753840867,0.5513769033383236,0.0,2.038462872045763,1.0180661073041968,12,take_profit,both
BTCUSDT,long,2025-10-02 15:25:00+00:00,2025-10-02 16:00:00+00:00,119380.03755000001,119868.96619584967,0.005791013710477884,691.3314342094147,345.66571710470737,2,2.8313924915607926,0.5541977043641562,0.0,2.2771947871966365,1.0452521770604566,7,take_profit,both
BTCUSDT,long,2025-10-03 18:25:00+00:00,2025-10-03 20:00:00+00:00,122497.91682500001,122467.29234579376,0.004287639890851343,525.22695472506,262.61347736253,2,-0.1313067386812642,0.4201290410845755,0.0,-0.5514357797658397,-0.2124249539437103,19,stop_loss,both
BTCUSDT,short,2025-10-11 00:00:00+00:00,2025-10-11 00:45:00+00:00,112686.82125000001,112714.99295531251,0.001985774516400157,223.77061797238972,111.88530898619486,2,-0.055942654493103455,0.17903887143970904,0.0,-0.23498152593281246,-0.09054880334660545,9,stop_loss,both
BTCUSDT,short,2025-10-14 12:10:00+00:00,2025-10-14 12:50:00+00:00,111028.03605000001,111055.79305901252,0.006232009227745084,691.927745202014,345.963872601007,2,-0.1729819363005546,0.5536113889361314,0.0,-0.726593325236686,-0.31562838246053776,8,stop_loss,both
BTCUSDT,short,2025-10-17 12:35:00+00:00,2025-10-17 13:15:00+00:00,105378.8487,105259.22074772436,0.004889914670996807,515.2935782708828,257.6467891354414,2,0.5849704788939465,0.4120008744251487,0.0,0.17296960446879778,0.06668992645618398,8,stop_loss,both
BTCUSDT,long,2025-10-23 08:10:00+00:00,2025-10-23 08:25:00+00:00,109620.298225,109592.89315044376,0.006310020196204468,691.7062957137068,345.8531478568534,2,-0.1729265739283746,0.5532958659413941,0.0,-0.7262224398697688,-0.3783830339325124,3,stop_loss,both
BTCUSDT,long,2025-10-28 16:30:00+00:00,2025-10-28 17:15:00+00:00,115048.755,115517.21913991147,0.006009763484513664,691.4158067377589,345.70790336887944,2,2.8153586818440077,0.5542587888629447,0.0,2.261099892981063,1.0434260094059666,9,take_profit,both
BTCUSDT,short,2025-10-29 19:35:00+00:00,2025-10-29 20:20:00+00:00,110526.96135000001,110928.57799723574,0.0036873813200406507,407.555052642845,203.7775263214225,2,-1.480913722834383,0.3266364076034098,0.0,-1.8075501304377928,-0.6962289062291841,9,stop_loss,both
BTCUSDT,short,2025-11-04 12:20:00+00:00,2025-11-04 13:05:00+00:00,104149.956,103724.5004393742,0.006640398644458151,691.5972266427761,345.7986133213881,2,2.8251945280567936,0.5521477035029982,0.0,2.2730468245537954,1.0460048889463358,9,take_profit,both
BTCUSDT,short,2025-11-16 18:40:00+00:00,2025-11-16 19:05:00+00:00,94292.02110000001,94277.16600324225,0.005572123499898113,525.4067866241988,262.7033933120994,2,0.08277443373718146,0.4202923195258642,0.0,-0.3375178857886828,-0.1299695766661383,5,stop_loss,both
BTCUSDT,short,2025-11-17 15:10:00+00:00,2025-11-17 15:20:00+00:00,94279.32427499999,94302.89410606875,0.003869488799071789,364.8127892661695,182.40639463308474,2,-0.09120319731657528,0.2918867126918622,0.0,-0.3830899100084375,-0.147546972183703,2,stop_loss,both
BTCUSDT,short,2025-11-21 11:45:00+00:00,2025-11-21 12:20:00+00:00,82464.878625,81749.58065719168,0.004866510454514095,401.3161939587984,200.6580969793992,2,3.4810050384318814,0.31966055315166597,0.0,3.1613444852802153,1.217860485796714,7,take_profit,both
BTCUSDT,long,2025-11-23 06:05:00+00:00,2025-11-23 06:15:00+00:00,86400.09462500001,86156.79167274834,0.008026411811911728,693.4827400483911,346.74137002419553,2,-1.9528496898258279,0.5540050521627826,0.0,-2.5068547419886102,-1.4084055060630338,2,stop_loss,both
BTCUSDT,long,2025-11-27 04:15:00+00:00,2025-11-27 05:35:00+00:00,91270.711975,91248.85080305752,0.007587099773487833,692.4799981515957,346.23999907579787,2,-0.16586289269297405,0.5539176533641994,0.0,-0.7197805460571736,-0.37072660641984456,16,stop_loss,both
BTCUSDT,long,2025-11-30 11:10:00+00:00,2025-11-30 11:30:00+00:00,91289.316625,91130.23799153049,0.007582399688416693,692.1920859331728,346.0960429665864,2,-1.206197780853003,0.5532711896341971,0.0,-1.7594689704872004,-1.7025886976131182,4,stop_loss,both
BTCUSDT,long,2025-11-30 15:25:00+00:00,2025-11-30 15:30:00+00:00,91566.785975,91384.86910381791,0.007551737138985869,691.4882983449779,345.74414917248896,2,-1.3737883923139476,0.5526411233190568,0.0,-1.9264295156330045,-1.6037319835059822,1,stop_loss,both
BTCUSDT,short,2025-12-01 13:40:00+00:00,2025-12-01 13:50:00+00:00,85680.77445,86063.95632079821,0.0070549083730066355,604.470013072998,302.235006536499,2,-2.7033129886786846,0.48465733565386987,0.0,-3.1879703243325546,-1.2307855831094738,2,stop_loss,both
BTCUSDT,short,2025-12-05 15:55:00+00:00,2025-12-05 16:05:00+00:00,90580.84912500001,89945.33719579122,0.005419638245764811,490.9154342517021,245.45771712585105,2,3.4442447571797437,0.39135464949848975,0.001915946635713559,3.0548060543169675,1.1815559708539647,2,take_profit,both
BTCUSDT,long,2025-12-08 13:10:00+00:00,2025-12-08 13:15:00+00:00,91866.1608,91654.41753421577,0.0075181596228272845,690.6644608307187,345.33223041535933,2,-1.5919196712245778,0.5518948007960851,0.0,-2.143814472020663,-1.5101448992790876,1,stop_loss,both
BTCUSDT,short,2025-12-14 14:30:00+00:00,2025-12-14 14:35:00+00:00,89220.0894,88948.7070561593,0.007731520330015612,689.8069350419104,344.9034675209552,2,2.0981981086116437,0.5510062687900836,0.0,1.54719183982156,0.9400794365969439,1,take_profit,both
BTCUSDT,long,2025-12-22 14:20:00+00:00,2025-12-22 14:30:00+00:00,90124.32545,89874.61638350898,0.00766081530519615,690.4258117778389,345.21290588891947,2,-1.9129750384206574,0.5515754594069029,0.0,-2.4645504978275605,-1.4157543297237516,2,stop_loss,both
BTCUSDT,long,2025-12-29 08:20:00+00:00,2025-12-29 08:35:00+00:00,89709.72182500002,89588.1713469935,0.0076852316287818094,689.4399915787079,344.71999578935396,2,-0.9341435780691735,0.5511783358317386,0.0,-1.4853219139009122,-1.1872543564345763,3,stop_loss,both
BTCUSDT,long,2026-01-04 02:00:00+00:00,2026-01-04 02:45:00+00:00,91212.7975,91031.20425730097,0.007552074727377455,688.8458628131475,344.42293140657375,2,-1.3714057388498877,0.5505281279549781,0.0,-1.9219338668048658,-1.2296424376546151,9,stop_loss,both
BTCUSDT,long,2026-01-06 15:25:00+00:00,2026-01-06 15:35:00+00:00,94127.52600000001,93753.65729370697,0.007310051783007932,688.0770892664256,344.0385446332128,2,-2.732999603048308,0.5493684715719211,0.0,-3.282368074620229,-1.281363797770349,2,stop_loss,both
BTCUSDT,short,2026-01-08 08:40:00+00:00,2026-01-08 09:20:00+00:00,90351.8064,90087.48052989853,0.007601000681670682,686.7641420365775,343.38207101828874,2,2.009141118824478,0.5486076571817322,0.0,1.4605334616427457,0.9239741540102793,8,take_profit,both
BTCUSDT,long,2026-01-12 18:10:00+00:00,2026-01-12 18:30:00+00:00,91614.49790000002,91591.59427552501,0.007502615537679375,687.3483554212346,343.6741777106173,2,-0.17183708885532578,0.5498099495014456,0.0,-0.7216470383567714,-0.2820771758315946,4,stop_loss,both
BTCUSDT,short,2026-01-20 16:35:00+00:00,2026-01-20 17:05:00+00:00,90352.00635000001,90374.59435158751,0.006702135271385947,605.5513685988221,302.77568429941107,2,-0.15138784214971163,0.4845016500159176,0.0,-0.6358894921656293,-0.24680611027230157,6,stop_loss,both
BTCUSDT,short,2026-02-04 19:25:00+00:00,2026-02-04 19:45:00+00:00,73218.8907,73697.88290840929,0.00426465189624476,312.2530810646929,156.12654053234644,2,-2.042735029879115,0.25061955886370596,0.0,-2.293354588742821,-0.8904433138862329,4,stop_loss,both
BTCUSDT,short,2026-02-11 08:10:00+00:00,2026-02-11 10:25:00+00:00,66871.07805000001,66843.4104927319,0.009777149990537666,653.8085601238012,326.9042800619006,2,0.2705098572821258,0.5229386441561281,0.0,-0.25242878687400233,-0.09814188798628999,27,stop_loss,both
BTCUSDT,long,2026-02-15 09:10:00+00:00,2026-02-15 09:40:00+00:00,70625.15187500001,70408.25218847864,0.009710237914568433,685.787027458779,342.8935137293895,2,-2.106147559717818,0.5477871629431361,0.0,-2.653934722660954,-1.2416371689142993,6,stop_loss,both
BTCUSDT,short,2026-02-17 13:00:00+00:00,2026-02-17 13:10:00+00:00,67876.326675,67893.29575666875,0.01008783897290527,684.7254535697147,342.36272678485733,2,-0.17118136339243603,0.5478488354011287,0.0,-0.7190301987935648,-0.4042170617986158,2,stop_loss,both
BTCUSDT,short,2026-02-22 16:10:00+00:00,2026-02-22 16:45:00+00:00,67579.101,67615.53849581211,0.010127951265439254,684.4378414901971,342.21892074509856,2,-0.3690371818197868,0.5476978880648856,0.0,-0.9167350698846723,-0.6379818779590372,7,stop_loss,both
BTCUSDT,long,2026-02-25 04:25:00+00:00,2026-02-25 04:50:00+00:00,65558.88562500001,65395.43048146952,0.010074314198202497,660.4608122702712,330.2304061351356,2,-1.6466984732384353,0.5277099704269217,0.0,-2.174408443665357,-0.8476344219386904,5,stop_loss,both
BTCUSDT,long,2026-03-04 12:50:00+00:00,2026-03-04 13:05:00+00:00,71121.876025,71516.6879412609,0.008562729072555295,608.997355533941,304.4986777669705,2,3.380667473558413,0.4885501514165762,0.0,2.8921173221418366,1.1288491268758747,3,take_profit,both
BTCUSDT,long,2026-03-04 17:55:00+00:00,2026-03-04 18:10:00+00:00,73292.31850000001,72958.55180686372,0.006667393217863937,488.6687072884236,244.3343536442118,2,-2.22535378616578,0.3900448243162726,0.0,-2.615398610482053,-1.0191148405256578,3,stop_loss,both
BTCUSDT,short,2026-03-07 21:40:00+00:00,2026-03-07 21:55:00+00:00,67277.276475,67432.53081626966,0.01015665477813088,683.3120715694411,341.65603578472053,2,-1.5768647470819948,0.5472804031543856,0.0,-2.1241451502363806,-1.5111100175515935,3,stop_loss,both
BTCUSDT,long,2026-03-16 01:30:00+00:00,2026-03-16 02:10:00+00:00,72634.45407500002,72616.29546148126,0.009395849699712173,682.4624135093466,341.2312067546733,2,-0.17061560337737,0.5459016845661263,0.0,-0.7165172879434963,-0.3129889726870008,8,stop_loss,both
BTCUSDT,short,2026-03-18 18:35:00+00:00,2026-03-18 18:55:00+00:00,71418.640875,71034.50135171712,0.008779673488043314,627.032347842324,313.516173921162,2,3.3726195882762986,0.5002768304385488,0.0,2.8723427578377496,1.1228162320514639,4,take_profit,both
BTCUSDT,short,2026-03-19 14:20:00+00:00,2026-03-19 14:50:00+00:00,69377.351325,69394.69566283125,0.007369832280221193,511.2994433112315,255.64972165561576,2,-0.12782486082781763,0.4090906845933164,0.0,-0.5369155454211341,-0.20953065156732148,6,stop_loss,both
BTCUSDT,short,2026-03-22 03:05:00+00:00,2026-03-22 03:10:00+00:00,69077.026425,69299.61732946221,0.00988910514584496,683.1099774791358,341.5549887395679,2,-2.201224858735519,0.5473684719268028,0.0,-2.748593330662322,-1.3540269633406274,1,stop_loss,both
BTCUSDT,short,2026-03-24 19:35:00+00:00,2026-03-24 20:15:00+00:00,69360.75547500001,69461.93276094655,0.009832801495258956,682.0105401468709,341.00527007343544,2,-0.9948561685413992,0.5460063745849133,0.0,-1.5408625431263125,-0.7465246881401565,8,stop_loss,both
BTCUSDT,long,2026-04-09 19:10:00+00:00,2026-04-09 19:20:00+00:00,72034.20405,71766.17890015578,0.009459314559187111,681.3941951296202,340.6970975648101,2,-2.5353342021497665,0.5441012224228363,0.0,-3.0794354245726026,-1.3017692354001877,2,stop_loss,both
BTCUSDT,long,2026-04-14 15:40:00+00:00,2026-04-14 16:05:00+00:00,75134.078825,75575.273296598,0.0076464570780404185,574.509508833468,287.254754416734,2,3.373574590142766,0.4609570369028315,0.030126186518244086,2.9427437397581784,1.153741576648947,5,take_profit,both
BTCUSDT,long,2026-04-17 11:35:00+00:00,2026-04-17 12:25:00+00:00,75528.57742500001,75559.2851651447,0.009020949972641357,681.3395184556945,340.66975922784724,2,0.27701298761809845,0.5451824199596028,0.0,-0.26816943234150437,-0.13425914613572298,10,stop_loss,both
BTCUSDT,long,2026-04-20 20:00:00+00:00,2026-04-20 20:05:00+00:00,76271.563125,76068.371520511,0.008931667619900477,681.2322506827578,340.6161253413789,2,-1.8148398744499805,0.5442598645964263,0.0,-2.359099739046407,-1.4341528374326857,1,stop_loss,both
