timestamp,funding_rate,mark_price
2025-05-01 00:00:00+00:00,0.00003519,94130.75027536
2025-05-01 08:00:00+00:00,0.00005755,94983.01632609
2025-05-01 16:00:00.001000+00:00,-0.00008028,96794.89389805
2025-05-02 00:00:00+00:00,-0.00012232,96433.84531159
2025-05-02 08:00:00+00:00,-0.00009382,96302.10000000
2025-05-02 16:00:00.003000+00:00,-0.00008689,97277.00616667
2025-05-03 00:00:00+00:00,-0.00005953,96831.65852586
2025-05-03 08:00:00+00:00,0.00003198,96290.80000000
2025-05-03 16:00:00+00:00,-0.00001483,96360.13496232
2025-05-04 00:00:00.001000+00:00,0.00000370,95819.52819239
2025-05-04 08:00:00.001000+00:00,0.00003229,95842.10000000
2025-05-04 16:00:00.002000+00:00,0.00003745,95421.10000000
2025-05-05 00:00:00+00:00,-0.00002404,94240.51430435
2025-05-05 08:00:00+00:00,0.00003636,94697.80169565
2025-05-05 16:00:00.006000+00:00,-0.00002247,93731.39948913
2025-05-06 00:00:00.002000+00:00,0.00001978,94696.80000000
2025-05-06 08:00:00.005000+00:00,0.00004440,94353.53756884
2025-05-06 16:00:00+00:00,0.00000757,94511.80000000
2025-05-07 00:00:00.002000+00:00,0.00001218,96794.50000000
2025-05-07 08:00:00+00:00,-0.00000025,96949.17783333
2025-05-07 16:00:00.006000+00:00,0.00001320,96888.90000000
2025-05-08 00:00:00+00:00,0.00002318,96990.24909783
2025-05-08 08:00:00.001000+00:00,0.00004608,99215.08710145
2025-05-08 16:00:00.002000+00:00,0.00005728,100730.90000000
2025-05-09 00:00:00.001000+00:00,0.00010000,103241.74847826
2025-05-09 08:00:00.006000+00:00,0.00010000,103628.90270290
2025-05-09 16:00:00+00:00,0.00004378,102852.40000000
2025-05-10 00:00:00.001000+00:00,0.00009657,102941.80000000
2025-05-10 08:00:00+00:00,0.00010000,103721.70000000
2025-05-10 16:00:00.001000+00:00,0.00004257,103102.70000000
2025-05-11 00:00:00+00:00,0.00010000,104789.00000000
2025-05-11 08:00:00.001000+00:00,0.00004150,103336.90000000
2025-05-11 16:00:00.001000+00:00,0.00010000,104089.06693841
2025-05-12 00:00:00.004000+00:00,0.00004454,104072.80000000
2025-05-12 08:00:00+00:00,0.00010000,104426.20000000
2025-05-12 16:00:00+00:00,0.00002301,102484.98667754
2025-05-13 00:00:00+00:00,0.00006847,102739.98641667
2025-05-13 08:00:00.008000+00:00,0.00010000,102624.00000000
2025-05-13 16:00:00.001000+00:00,0.00007256,103642.21569565
2025-05-14 00:00:00.007000+00:00,0.00009921,104082.25016667
2025-05-14 08:00:00+00:00,0.00007542,103662.20000000
2025-05-14 16:00:00.002000+00:00,0.00003175,103461.40000000
2025-05-15 00:00:00+00:00,0.00002978,103458.20000000
2025-05-15 08:00:00.003000+00:00,0.00005336,101733.90000000
2025-05-15 16:00:00+00:00,0.00001439,103212.64269928
2025-05-16 00:00:00.001000+00:00,0.00004504,103731.00000000
2025-05-16 08:00:00+00:00,0.00007535,103646.60000000
2025-05-16 16:00:00+00:00,0.00004768,104152.87767029
2025-05-17 00:00:00+00:00,0.00002821,103420.88946739
2025-05-17 08:00:00.001000+00:00,0.00003340,103399.40000000
2025-05-17 16:00:00.004000+00:00,0.00000597,102900.00000000
2025-05-18 00:00:00+00:00,0.00006742,103079.50000000
2025-05-18 08:00:00+00:00,0.00005903,103891.40000000
2025-05-18 16:00:00+00:00,0.00010000,105484.20000000
2025-05-19 00:00:00+00:00,0.00005990,106415.65899638
2025-05-19 08:00:00.006000+00:00,0.00006040,103175.66738043
2025-05-19 16:00:00.010000+00:00,0.00002110,104740.40000000
2025-05-20 00:00:00+00:00,0.00008378,105539.99272464
2025-05-20 08:00:00.002000+00:00,0.00007107,104998.20574797
2025-05-20 16:00:00+00:00,0.00001266,105294.50000000
2025-05-21 00:00:00+00:00,0.00008767,106800.40000000
2025-05-21 08:00:00.001000+00:00,0.00007147,106469.35994203
2025-05-21 16:00:00.004000+00:00,0.00005119,108936.70000000
2025-05-22 00:00:00.001000+00:00,0.00010000,109611.57980435
2025-05-22 08:00:00+00:00,0.00010000,111005.80000000
2025-05-22 16:00:00.002000+00:00,0.00010000,111236.80000000
2025-05-23 00:00:00.006000+00:00,0.00009321,111663.50596536
2025-05-23 08:00:00+00:00,0.00007261,110685.20000000
2025-05-23 16:00:00.007000+00:00,0.00008614,108889.20000000
2025-05-24 00:00:00.010000+00:00,0.00003524,107273.62679710
2025-05-24 08:00:00+00:00,0.00004590,107554.85993116
2025-05-24 16:00:00.003000+00:00,0.00007837,108895.88856522
2025-05-25 00:00:00.004000+00:00,0.00009794,107698.90000000
2025-05-25 08:00:00+00:00,0.00005113,107634.70000000
2025-05-25 16:00:00+00:00,0.00003651,106928.00000000
2025-05-26 00:00:00+00:00,0.00007331,108955.90000000
2025-05-26 08:00:00+00:00,0.00010000,110050.00000000
2025-05-26 16:00:00.002000+00:00,0.00009782,109951.10000000
2025-05-27 00:00:00.003000+00:00,0.00007650,109403.70430072
2025-05-27 08:00:00.001000+00:00,0.00007266,109471.80000000
2025-05-27 16:00:00.005000+00:00,0.00002476,110091.30000000
2025-05-28 00:00:00.002000+00:00,0.00003260,108889.20000000
2025-05-28 08:00:00.003000+00:00,0.00002164,108764.90000000
2025-05-28 16:00:00.002000+00:00,0.00005368,107066.31867754
2025-05-29 00:00:00+00:00,0.00003186,107723.10000000
2025-05-29 08:00:00.006000+00:00,0.00002812,107839.50000000
2025-05-29 16:00:00+00:00,0.00008379,106972.60000000
2025-05-30 00:00:00.003000+00:00,0.00002622,105540.00000000
2025-05-30 08:00:00.003000+00:00,0.00003849,104997.40000000
2025-05-30 16:00:00+00:00,0.00007392,105503.90000000
2025-05-31 00:00:00+00:00,0.00008506,103950.00000000
2025-05-31 08:00:00+00:00,0.00007552,103701.25933333
2025-05-31 16:00:00+00:00,0.00004687,104499.67307246
2025-06-01 00:00:00.001000+00:00,-0.00000582,104544.70000000
2025-06-01 08:00:00.002000+00:00,0.00002335,104231.00000000
2025-06-01 16:00:00+00:00,0.00004117,104664.00000000
2025-06-02 00:00:00.001000+00:00,-0.00000642,105589.61297464
2025-06-02 08:00:00+00:00,0.00005593,105346.40000000
2025-06-02 16:00:00+00:00,0.00004467,104396.90000000
2025-06-03 00:00:00+00:00,0.00005005,105814.40000000
2025-06-03 08:00:00+00:00,0.00006066,105134.30000000
2025-06-03 16:00:00.001000+00:00,0.00004456,106556.10000000
2025-06-04 00:00:00+00:00,-0.00000011,105330.10000000
2025-06-04 08:00:00+00:00,0.00002611,105260.46566250
2025-06-04 16:00:00+00:00,0.00000962,105255.92777899
2025-06-05 00:00:00.016000+00:00,0.00000074,104646.03764130
2025-06-05 08:00:00+00:00,0.00002871,104473.00000000
2025-06-05 16:00:00+00:00,0.00005156,104485.40000000
2025-06-06 00:00:00.002000+00:00,-0.00003491,101458.70000000
2025-06-06 08:00:00+00:00,-0.00003030,103096.80000000
2025-06-06 16:00:00.006000+00:00,-0.00002995,105037.54876812
2025-06-07 00:00:00+00:00,-0.00002890,104240.10000000
2025-06-07 08:00:00+00:00,-0.00003158,104813.72660507
2025-06-07 16:00:00.002000+00:00,0.00000294,105508.84818333
2025-06-08 00:00:00+00:00,0.00004808,105509.63211957
2025-06-08 08:00:00+00:00,0.00005613,105380.40000000
2025-06-08 16:00:00+00:00,-0.00003602,105923.14248188
2025-06-09 00:00:00+00:00,-0.00002164,105679.25375362
2025-06-09 08:00:00.001000+00:00,0.00004024,105517.90905797
2025-06-09 16:00:00.001000+00:00,0.00003057,107568.29532246
2025-06-10 00:00:00+00:00,0.00006374,110227.90000000
2025-06-10 08:00:00.001000+00:00,0.00010000,109178.10000000
2025-06-10 16:00:00.003000+00:00,0.00008165,108970.17962319
2025-06-11 00:00:00+00:00,0.00008779,110235.30000000
2025-06-11 08:00:00+00:00,0.00008390,109397.00000000
2025-06-11 16:00:00.010000+00:00,0.00005039,109694.90000000
2025-06-12 00:00:00.002000+00:00,0.00001856,108610.75909727
2025-06-12 08:00:00.003000+00:00,0.00007247,107578.64501938
2025-06-12 16:00:00.001000+00:00,0.00001198,106960.70000000
2025-06-13 00:00:00+00:00,-0.00001801,105621.56706522
2025-06-13 08:00:00.001000+00:00,-0.00000270,104831.40000000
2025-06-13 16:00:00.004000+00:00,0.00003857,105392.00000000
2025-06-14 00:00:00+00:00,0.00001958,106031.87648551
2025-06-14 08:00:00+00:00,0.00003858,105029.92107590
2025-06-14 16:00:00+00:00,0.00001135,104785.31052899
2025-06-15 00:00:00.005000+00:00,-0.00003641,105359.80000000
2025-06-15 08:00:00.009000+00:00,0.00001439,105378.68969203
2025-06-15 16:00:00+00:00,0.00007369,105526.00000000
2025-06-16 00:00:00+00:00,0.00000936,105546.26398514
2025-06-16 08:00:00+00:00,0.00005070,107023.80000000
2025-06-16 16:00:00.003000+00:00,0.00002793,107375.00000000
2025-06-17 00:00:00+00:00,0.00001847,106750.10000000
2025-06-17 08:00:00.006000+00:00,0.00005776,106711.10000000
2025-06-17 16:00:00.001000+00:00,0.00002211,104203.95066304
2025-06-18 00:00:00.001000+00:00,-0.00001752,104508.00000000
2025-06-18 08:00:00.001000+00:00,0.00003695,104925.60000000
2025-06-18 16:00:00.001000+00:00,0.00006692,104751.91415217
2025-06-19 00:00:00.005000+00:00,0.00000845,104836.47953623
2025-06-19 08:00:00.003000+00:00,0.00000616,104593.47301449
2025-06-19 16:00:00+00:00,0.00002396,104055.20000000
2025-06-20 00:00:00+00:00,0.00003565,104612.28734221
2025-06-20 08:00:00.002000+00:00,0.00007862,105763.50000000
2025-06-20 16:00:00.001000+00:00,0.00002400,104168.50000000
2025-06-21 00:00:00.002000+00:00,0.00003977,103246.00000000
2025-06-21 08:00:00.005000+00:00,0.00001933,103405.77309257
2025-06-21 16:00:00+00:00,0.00007440,103516.70000000
2025-06-22 00:00:00.005000+00:00,0.00002883,102072.00000000
2025-06-22 08:00:00+00:00,0.00010000,102399.00000000
2025-06-22 16:00:00.003000+00:00,0.00004145,98855.01865881
2025-06-23 00:00:00+00:00,-0.00001061,100917.08497464
2025-06-23 08:00:00.004000+00:00,-0.00002809,101874.40000000
2025-06-23 16:00:00.013000+00:00,0.00004889,101374.20000000
2025-06-24 00:00:00.003000+00:00,0.00001245,105293.94364855
2025-06-24 08:00:00+00:00,0.00001218,104909.91579710
2025-06-24 16:00:00+00:00,0.00000447,105182.21770290
2025-06-25 00:00:00.005000+00:00,-0.00003174,106035.00000000
2025-06-25 08:00:00+00:00,0.00002747,106556.27685145
2025-06-25 16:00:00.005000+00:00,0.00000962,106984.14716304
2025-06-26 00:00:00+00:00,0.00000141,107283.48498551
2025-06-26 08:00:00.006000+00:00,0.00003805,107768.60000000
2025-06-26 16:00:00.007000+00:00,0.00000682,107259.90000000
2025-06-27 00:00:00+00:00,0.00001113,106913.80000000
2025-06-27 08:00:00+00:00,0.00002663,106822.99177536
2025-06-27 16:00:00.009000+00:00,0.00002557,107261.20000000
2025-06-28 00:00:00.001000+00:00,-0.00001161,106996.90000000
2025-06-28 08:00:00.002000+00:00,0.00006053,107433.05392391
2025-06-28 16:00:00+00:00,0.00004434,107407.60000000
2025-06-29 00:00:00.004000+00:00,0.00001250,107241.00000000
2025-06-29 08:00:00.001000+00:00,0.00005360,107355.60000000
2025-06-29 16:00:00.001000+00:00,0.00010000,107694.80147464
2025-06-30 00:00:00+00:00,0.00001084,108310.31981522
2025-06-30 08:00:00.005000+00:00,0.00002959,107562.60000000
2025-06-30 16:00:00.002000+00:00,0.00004923,107538.70402174
2025-07-01 00:00:00.007000+00:00,0.00001053,107096.82611594
2025-07-01 08:00:00.002000+00:00,0.00004334,107122.80000000
2025-07-01 16:00:00+00:00,0.00001109,105905.40000000
2025-07-02 00:00:00.001000+00:00,0.00001807,105638.00000000
2025-07-02 08:00:00+00:00,0.00003403,107026.00000000
2025-07-02 16:00:00.003000+00:00,0.00004130,108695.30000000
2025-07-03 00:00:00.006000+00:00,0.00004871,108800.00000000
2025-07-03 08:00:00.003000+00:00,0.00003562,109235.04085870
2025-07-03 16:00:00.003000+00:00,0.00005028,109089.90000000
2025-07-04 00:00:00.005000+00:00,0.00005230,109545.20000000
2025-07-04 08:00:00.003000+00:00,0.00005009,108666.22027536
2025-07-04 16:00:00.001000+00:00,0.00001797,107534.70000000
2025-07-05 00:00:00.004000+00:00,0.00001066,107935.30000000
2025-07-05 08:00:00.009000+00:00,0.00003055,108001.93068165
2025-07-05 16:00:00.006000+00:00,0.00004005,108012.70000000
2025-07-06 00:00:00.001000+00:00,0.00001941,108153.40000000
2025-07-06 08:00:00.002000+00:00,0.00001665,107991.40000000
2025-07-06 16:00:00.004000+00:00,0.00001028,108856.80000000
2025-07-07 00:00:00+00:00,0.00002360,109145.80000000
2025-07-07 08:00:00.007000+00:00,0.00003438,109016.30000000
2025-07-07 16:00:00+00:00,0.00004271,108252.00000000
2025-07-08 00:00:00.010000+00:00,0.00001073,108208.86520652
2025-07-08 08:00:00.003000+00:00,0.00004563,108440.60000000
2025-07-08 16:00:00+00:00,0.00003601,108216.90000000
2025-07-09 00:00:00.002000+00:00,0.00003093,108873.10000000
2025-07-09 08:00:00.006000+00:00,0.00003396,108674.80000000
2025-07-09 16:00:00.001000+00:00,0.00004253,109020.00000000
2025-07-10 00:00:00.003000+00:00,0.00010000,111199.80000000
2025-07-10 08:00:00+00:00,0.00008523,111186.10000000
2025-07-10 16:00:00.004000+00:00,0.00001908,111349.50000000
2025-07-11 00:00:00.004000+00:00,0.00010000,115979.20000000
2025-07-11 08:00:00.007000+00:00,0.00010000,117522.80000000
2025-07-11 16:00:00.001000+00:00,0.00010000,116897.42130435
2025-07-12 00:00:00+00:00,0.00010000,117501.26688406
2025-07-12 08:00:00.001000+00:00,0.00010000,117689.70000000
2025-07-12 16:00:00.002000+00:00,0.00010000,117075.50000000
2025-07-13 00:00:00.006000+00:00,0.00010000,117389.40000000
2025-07-13 08:00:00.001000+00:00,0.00010000,117957.51349275
2025-07-13 16:00:00.003000+00:00,0.00010000,118611.53782971
2025-07-14 00:00:00+00:00,0.00008051,119041.56046377
2025-07-14 08:00:00+00:00,0.00010000,122717.44717391
2025-07-14 16:00:00+00:00,0.00010000,119867.57057971
2025-07-15 00:00:00.002000+00:00,0.00010000,119818.52750362
2025-07-15 08:00:00+00:00,0.00010000,116780.52426812
2025-07-15 16:00:00+00:00,0.00010000,116389.57304348
2025-07-16 00:00:00+00:00,0.00010000,117738.50000000
2025-07-16 08:00:00+00:00,0.00010000,118184.09413043
2025-07-16 16:00:00.008000+00:00,0.00010000,119054.30000000
2025-07-17 00:00:00.003000+00:00,0.00010000,118598.08606159
2025-07-17 08:00:00+00:00,0.00010000,118289.10000000
2025-07-17 16:00:00+00:00,0.00010000,118874.61847826
2025-07-18 00:00:00.004000+00:00,0.00010000,119176.60000000
2025-07-18 08:00:00+00:00,0.00010000,119356.50000000
2025-07-18 16:00:00+00:00,0.00010000,117851.82027174
2025-07-19 00:00:00.009000+00:00,0.00010000,117897.67534058
2025-07-19 08:00:00+00:00,0.00010000,118135.00000000
2025-07-19 16:00:00.002000+00:00,0.00010000,118036.56383986
2025-07-20 00:00:00+00:00,0.00010000,117814.40000000
2025-07-20 08:00:00+00:00,0.00010000,117993.92586594
2025-07-20 16:00:00+00:00,0.00010000,118669.40000000
2025-07-21 00:00:00.001000+00:00,0.00010000,117227.38173188
2025-07-21 08:00:00+00:00,0.00010000,119352.10000000
2025-07-21 16:00:00.001000+00:00,0.00010000,118304.20000000
2025-07-22 00:00:00+00:00,0.00010000,117331.09485145
2025-07-22 08:00:00.010000+00:00,0.00010000,117959.50000000
2025-07-22 16:00:00.007000+00:00,0.00010000,118899.80000000
2025-07-23 00:00:00+00:00,0.00010000,119993.70000000
2025-07-23 08:00:00.004000+00:00,0.00010000,118327.36687681
2025-07-23 16:00:00.002000+00:00,0.00010000,118531.00000000
2025-07-24 00:00:00+00:00,0.00010000,118713.50000000
2025-07-24 08:00:00.001000+00:00,0.00010000,118368.00000000
2025-07-24 16:00:00+00:00,0.00010000,119074.10000000
2025-07-25 00:00:00+00:00,0.00010000,118283.40000000
2025-07-25 08:00:00+00:00,0.00010000,115314.35953986
2025-07-25 16:00:00+00:00,0.00010000,115691.05080797
2025-07-26 00:00:00.001000+00:00,0.00010000,117588.55875092
2025-07-26 08:00:00.005000+00:00,0.00010000,117288.73869928
2025-07-26 16:00:00.001000+00:00,0.00010000,118112.87820652
2025-07-27 00:00:00.001000+00:00,0.00010000,117889.30000000
2025-07-27 08:00:00+00:00,0.00010000,118087.08156884
2025-07-27 16:00:00.008000+00:00,0.00010000,118580.80000000
2025-07-28 00:00:00.005000+00:00,0.00010000,119419.44478261
2025-07-28 08:00:00+00:00,0.00010000,118886.24443841
2025-07-28 16:00:00+00:00,0.00010000,118158.66325758
2025-07-29 00:00:00.001000+00:00,0.00010000,118041.86715530
2025-07-29 08:00:00+00:00,0.00010000,118856.30000000
2025-07-29 16:00:00+00:00,0.00010000,117351.43826812
2025-07-30 00:00:00.011000+00:00,0.00010000,117904.12262319
2025-07-30 08:00:00+00:00,0.00010000,118083.20000000
2025-07-30 16:00:00.008000+00:00,0.00010000,117949.90000000
2025-07-31 00:00:00+00:00,0.00005694,117772.92036957
2025-07-31 08:00:00.009000+00:00,0.00010000,118624.00000000
2025-07-31 16:00:00+00:00,0.00010000,118263.69556522
2025-08-01 00:00:00.001000+00:00,-0.00001408,115702.16776087
2025-08-01 08:00:00.003000+00:00,0.00001549,115035.53571377
2025-08-01 16:00:00+00:00,0.00005681,115305.30000000
2025-08-02 00:00:00.004000+00:00,0.00004810,113244.70000000
2025-08-02 08:00:00+00:00,0.00000894,113920.40738768
2025-08-02 16:00:00+00:00,0.00004437,112798.50000000
2025-08-03 00:00:00+00:00,0.00005633,112509.76593841
2025-08-03 08:00:00+00:00,0.00004533,113647.10000000
2025-08-03 16:00:00.003000+00:00,0.00007504,113905.36980217
2025-08-04 00:00:00.004000+00:00,0.00004188,114150.84958333
2025-08-04 08:00:00+00:00,0.00005719,114606.90000000
2025-08-04 16:00:00.002000+00:00,0.00003912,114774.55804710
2025-08-05 00:00:00+00:00,0.00007101,115002.10000000
2025-08-05 08:00:00+00:00,0.00008589,113924.70000000
2025-08-05 16:00:00+00:00,0.00004784,112890.03634109
2025-08-06 00:00:00.005000+00:00,0.00005172,114077.36580435
2025-08-06 08:00:00+00:00,0.00009275,114180.50319380
2025-08-06 16:00:00+00:00,0.00008288,115389.84358140
2025-08-07 00:00:00.003000+00:00,0.00004843,114945.22391860
2025-08-07 08:00:00.002000+00:00,0.00007574,114751.20000000
2025-08-07 16:00:00.002000+00:00,0.00006275,116634.60000000
2025-08-08 00:00:00.002000+00:00,0.00002403,117419.90000000
2025-08-08 08:00:00.004000+00:00,0.00001729,116773.12222500
2025-08-08 16:00:00+00:00,0.00007973,116170.72810417
2025-08-09 00:00:00.005000+00:00,0.00008835,116628.20000000
2025-08-09 08:00:00+00:00,0.00009087,116703.20000000
2025-08-09 16:00:00.007000+00:00,0.00005151,116839.01276667
2025-08-10 00:00:00.003000+00:00,0.00009849,116422.00000000
2025-08-10 08:00:00.005000+00:00,0.00010000,117770.10000000
2025-08-10 16:00:00.002000+00:00,0.00010000,118773.19905000
2025-08-11 00:00:00+00:00,0.00010000,119255.30000000
2025-08-11 08:00:00+00:00,0.00010000,121533.48500000
2025-08-11 16:00:00+00:00,0.00010000,120276.94746739
2025-08-12 00:00:00+00:00,0.00010000,118642.12869203
2025-08-12 08:00:00.001000+00:00,0.00007988,118931.90000000
2025-08-12 16:00:00.005000+00:00,0.00008543,119887.90000000
2025-08-13 00:00:00+00:00,0.00007123,120081.00000000
2025-08-13 08:00:00.002000+00:00,0.00010000,119546.71040942
2025-08-13 16:00:00.006000+00:00,0.00010000,120907.16175725
2025-08-14 00:00:00.002000+00:00,0.00010000,123324.00000000
2025-08-14 08:00:00.003000+00:00,0.00010000,121739.29889855
2025-08-14 16:00:00+00:00,0.00010000,118206.50000000
2025-08-15 00:00:00+00:00,0.00001939,118245.12016304
2025-08-15 08:00:00+00:00,0.00007990,118908.40000000
2025-08-15 16:00:00+00:00,0.00003722,117224.26810507
2025-08-16 00:00:00.004000+00:00,0.00008850,117282.05060833
2025-08-16 08:00:00+00:00,0.00008268,117543.60000000
2025-08-16 16:00:00.002000+00:00,0.00009023,117626.90000000
2025-08-17 00:00:00+00:00,0.00008206,117333.60187083
2025-08-17 08:00:00.001000+00:00,0.00004680,117949.90000000
2025-08-17 16:00:00.007000+00:00,0.00001862,118193.93730833
2025-08-18 00:00:00+00:00,0.00002846,117358.84539167
2025-08-18 08:00:00.001000+00:00,-0.00000682,115153.20000000
2025-08-18 16:00:00.002000+00:00,0.00005296,116099.90000000
2025-08-19 00:00:00+00:00,0.00007137,116183.60000000
2025-08-19 08:00:00.001000+00:00,0.00006262,114928.80000000
2025-08-19 16:00:00+00:00,0.00003167,113730.00000000
2025-08-20 00:00:00+00:00,0.00004543,112829.16656522
2025-08-20 08:00:00+00:00,0.00001364,113436.70000000
2025-08-20 16:00:00+00:00,0.00004936,113293.10000000
2025-08-21 00:00:00.006000+00:00,0.00001143,114221.25347464
2025-08-21 08:00:00+00:00,0.00007757,113836.80000000
2025-08-21 16:00:00.003000+00:00,0.00007414,112748.90000000
2025-08-22 00:00:00.010000+00:00,0.00007296,112461.50000000
2025-08-22 08:00:00.007000+00:00,0.00010000,113040.10000000
2025-08-22 16:00:00.001000+00:00,0.00005867,116319.30000000
2025-08-23 00:00:00.004000+00:00,0.00010000,116897.50000000
2025-08-23 08:00:00.006000+00:00,0.00010000,115769.90000000
2025-08-23 16:00:00+00:00,0.00009711,114778.21648188
2025-08-24 00:00:00.001000+00:00,0.00010000,115377.10000000
2025-08-24 08:00:00.002000+00:00,0.00010000,114854.80000000
2025-08-24 16:00:00.001000+00:00,0.00010000,114374.99972826
2025-08-25 00:00:00+00:00,0.00010000,113446.30000000
2025-08-25 08:00:00.002000+00:00,0.00010000,111472.55518478
2025-08-25 16:00:00.002000+00:00,0.00008344,112139.10000000
2025-08-26 00:00:00+00:00,0.00004522,110064.58160507
2025-08-26 08:00:00+00:00,0.00003900,110246.49650362
2025-08-26 16:00:00+00:00,0.00010000,109634.08811594
2025-08-27 00:00:00.003000+00:00,0.00001802,111709.90000000
2025-08-27 08:00:00+00:00,0.00005503,110688.00000000
2025-08-27 16:00:00.009000+00:00,0.00003496,111965.10000000
2025-08-28 00:00:00+00:00,0.00005297,111207.83953261
2025-08-28 08:00:00.005000+00:00,0.00009693,113079.30000000
2025-08-28 16:00:00.004000+00:00,0.00007512,112642.41909420
2025-08-29 00:00:00+00:00,0.00004261,112509.45998913
2025-08-29 08:00:00+00:00,0.00005856,109989.38102899
2025-08-29 16:00:00.005000+00:00,0.00000644,108340.72792754
2025-08-30 00:00:00+00:00,0.00007523,108332.40000000
2025-08-30 08:00:00.002000+00:00,0.00007979,108466.70000000
2025-08-30 16:00:00.003000+00:00,0.00008042,108830.00000000
2025-08-31 00:00:00.016000+00:00,-0.00001232,108758.15376812
2025-08-31 08:00:00+00:00,0.00004749,108658.20000000
2025-08-31 16:00:00.001000+00:00,0.00010000,108763.86765217
2025-09-01 00:00:00+00:00,0.00004660,108208.30000000
2025-09-01 08:00:00+00:00,0.00010000,109367.80000000
2025-09-01 16:00:00.001000+00:00,0.00004963,108737.90000000
2025-09-02 00:00:00+00:00,0.00006946,109193.10473913
2025-09-02 08:00:00.005000+00:00,0.00008805,110190.10000000
2025-09-02 16:00:00.007000+00:00,0.00006356,110789.90000000
2025-09-03 00:00:00.006000+00:00,0.00000767,111189.75470652
2025-09-03 08:00:00.002000+00:00,0.00005127,111045.87517029
2025-09-03 16:00:00.002000+00:00,0.00002344,112171.59743478
2025-09-04 00:00:00.002000+00:00,0.00001808,111664.20931522
2025-09-04 08:00:00+00:00,0.00004385,110417.30000000
2025-09-04 16:00:00+00:00,0.00007941,109464.10000000
2025-09-05 00:00:00.001000+00:00,0.00007532,110679.50000000
2025-09-05 08:00:00.006000+00:00,0.00010000,112906.33317391
2025-09-05 16:00:00+00:00,0.00007872,110672.10000000
2025-09-06 00:00:00+00:00,0.00001297,110614.90000000
2025-09-06 08:00:00.005000+00:00,0.00005660,110779.90000000
2025-09-06 16:00:00+00:00,0.00005110,110324.20000000
2025-09-07 00:00:00+00:00,0.00001970,110135.30000000
2025-09-07 08:00:00+00:00,0.00003611,110710.80000000
2025-09-07 16:00:00+00:00,0.00006969,111280.66566667
2025-09-08 00:00:00.007000+00:00,0.00009404,111079.27970290
2025-09-08 08:00:00+00:00,0.00006682,111236.40000000
2025-09-08 16:00:00+00:00,0.00007311,112574.15101812
2025-09-09 00:00:00+00:00,0.00003799,112015.09961957
2025-09-09 08:00:00+00:00,0.00010000,112952.16761594
2025-09-09 16:00:00+00:00,0.00010000,110830.10000000
2025-09-10 00:00:00+00:00,0.00005805,111500.00000000
2025-09-10 08:00:00.002000+00:00,0.00005026,112503.82111957
2025-09-10 16:00:00+00:00,0.00010000,113795.60000000
2025-09-11 00:00:00+00:00,0.00005843,113899.89001087
2025-09-11 08:00:00+00:00,0.00004283,114040.00000000
2025-09-11 16:00:00.001000+00:00,0.00003326,114133.27146739
2025-09-12 00:00:00.002000+00:00,0.00006137,115426.90000000
2025-09-12 08:00:00.001000+00:00,0.00003768,115049.00000000
2025-09-12 16:00:00.005000+00:00,0.00006891,115064.80000000
2025-09-13 00:00:00.005000+00:00,-0.00001554,115978.40000000
2025-09-13 08:00:00.002000+00:00,0.00002251,115719.33161349
2025-09-13 16:00:00+00:00,0.00003137,115721.30000000
2025-09-14 00:00:00.006000+00:00,0.00008182,115865.61246739
2025-09-14 08:00:00+00:00,0.00004780,115747.96161957
2025-09-14 16:00:00.001000+00:00,0.00003115,115191.27874724
2025-09-15 00:00:00.006000+00:00,0.00006207,115227.83664493
2025-09-15 08:00:00.002000+00:00,0.00008259,115769.60000000
2025-09-15 16:00:00.001000+00:00,0.00008189,114805.44046377
2025-09-16 00:00:00.001000+00:00,0.00000997,115300.60000000
2025-09-16 08:00:00+00:00,0.00006991,115799.40000000
2025-09-16 16:00:00+00:00,0.00006472,115878.00000000
2025-09-17 00:00:00.001000+00:00,0.00006972,116747.30000000
2025-09-17 08:00:00+00:00,0.00008441,117120.50000000
2025-09-17 16:00:00.003000+00:00,0.00006303,115825.10000000
2025-09-18 00:00:00.006000+00:00,0.00004941,116402.50000000
2025-09-18 08:00:00.002000+00:00,0.00008928,117042.70206159
2025-09-18 16:00:00+00:00,0.00004208,117530.20000000
2025-09-19 00:00:00+00:00,-0.00000231,117017.51732609
2025-09-19 08:00:00.005000+00:00,0.00002109,116850.10000000
2025-09-19 16:00:00+00:00,0.00005264,115827.00000000
2025-09-20 00:00:00+00:00,0.00003757,115569.76332609
2025-09-20 08:00:00+00:00,-0.00000027,115909.90000000
2025-09-20 16:00:00.002000+00:00,-0.00001006,115928.40000000
2025-09-21 00:00:00+00:00,-0.00005322,115625.00000000
2025-09-21 08:00:00+00:00,0.00002563,115773.32392029
2025-09-21 16:00:00+00:00,0.00003742,115473.52326812
2025-09-22 00:00:00.005000+00:00,0.00006665,115183.90000000
2025-09-22 08:00:00.003000+00:00,0.00001743,112454.24433333
2025-09-22 16:00:00+00:00,0.00004838,112768.70000000
2025-09-23 00:00:00+00:00,0.00007062,112604.70000000
2025-09-23 08:00:00.001000+00:00,0.00007083,113048.10000000
2025-09-23 16:00:00+00:00,0.00007478,112829.13869565
2025-09-24 00:00:00.003000+00:00,0.00005794,111947.10000000
2025-09-24 08:00:00.001000+00:00,0.00006267,112544.70000000
2025-09-24 16:00:00.002000+00:00,0.00004886,113300.00000000
2025-09-25 00:00:00+00:00,-0.00000220,113254.73047826
2025-09-25 08:00:00.001000+00:00,0.00001730,111712.21934783
2025-09-25 16:00:00+00:00,0.00009560,111546.00679710
2025-09-26 00:00:00+00:00,0.00003143,108944.80184783
2025-09-26 08:00:00+00:00,0.00004360,109257.30000000
2025-09-26 16:00:00.008000+00:00,0.00007716,108983.16757971
2025-09-27 00:00:00+00:00,-0.00000010,109588.74702899
2025-09-27 08:00:00.010000+00:00,0.00003425,109354.90000000
2025-09-27 16:00:00.003000+00:00,0.00007821,109348.37457246
2025-09-28 00:00:00+00:00,0.00003314,109577.33157971
2025-09-28 08:00:00+00:00,0.00004976,109468.50000000
2025-09-28 16:00:00+00:00,0.00005261,109989.90000000
2025-09-29 00:00:00+00:00,0.00002312,112119.60000000
2025-09-29 08:00:00.002000+00:00,0.00001304,111814.80000000
2025-09-29 16:00:00.001000+00:00,0.00000032,113753.37049275
2025-09-30 00:00:00.002000+00:00,0.00002353,114261.57750000
2025-09-30 08:00:00.005000+00:00,0.00005893,113662.30000000
2025-09-30 16:00:00+00:00,0.00002584,113055.50000000
2025-10-01 00:00:00+00:00,0.00003355,113988.70000000
2025-10-01 08:00:00+00:00,0.00003457,114488.84474513
2025-10-01 16:00:00+00:00,0.00010000,117367.03486232
2025-10-02 00:00:00+00:00,0.00007784,118553.60000000
2025-10-02 08:00:00.013000+00:00,0.00010000,118444.20000000
2025-10-02 16:00:00+00:00,0.00009543,119876.19732609
2025-10-03 00:00:00.006000+00:00,0.00009926,120481.30000000
2025-10-03 08:00:00.006000+00:00,0.00010000,119620.00000000
2025-10-03 16:00:00+00:00,0.00010000,122240.92339580
2025-10-04 00:00:00.001000+00:00,0.00010000,122182.60000000
2025-10-04 08:00:00+00:00,0.00010000,122274.36980510
2025-10-04 16:00:00+00:00,0.00008312,121740.07963043
2025-10-05 00:00:00+00:00,0.00008648,122343.20000000
2025-10-05 08:00:00.003000+00:00,0.00010000,124692.50000000
2025-10-05 16:00:00.009000+00:00,0.00009566,122753.00000000
2025-10-06 00:00:00.004000+00:00,0.00007672,123426.70000000
2025-10-06 08:00:00.002000+00:00,0.00009708,123342.94168841
2025-10-06 16:00:00.004000+00:00,0.00005831,124946.20000000
2025-10-07 00:00:00+00:00,0.00010000,124619.48490580
2025-10-07 08:00:00.003000+00:00,0.00008608,123629.13742754
2025-10-07 16:00:00+00:00,0.00006194,121822.13839855
2025-10-08 00:00:00+00:00,0.00002542,121286.50000000
2025-10-08 08:00:00.006000+00:00,0.00010000,121555.76018116
2025-10-08 16:00:00.002000+00:00,0.00005396,122140.58355072
2025-10-09 00:00:00.001000+00:00,0.00001344,123237.94232609
2025-10-09 08:00:00+00:00,0.00005350,121847.80000000
2025-10-09 16:00:00+00:00,0.00001455,121084.88746377
2025-10-10 00:00:00.005000+00:00,0.00000785,121582.79100450
2025-10-10 08:00:00.002000+00:00,0.00003879,120878.70000000
2025-10-10 16:00:00.014000+00:00,0.00001013,118962.10000000
2025-10-11 00:00:00+00:00,0.00010000,112716.80000000
2025-10-11 08:00:00.003000+00:00,0.00010000,110331.91623913
2025-10-11 16:00:00+00:00,0.00000467,111744.40000000
2025-10-12 00:00:00.004000+00:00,-0.00003055,110579.10000000
2025-10-12 08:00:00.002000+00:00,0.00002865,111468.10053623
2025-10-12 16:00:00+00:00,-0.00010915,113123.87871739
2025-10-13 00:00:00.003000+00:00,-0.00003942,114894.40000000
2025-10-13 08:00:00.002000+00:00,0.00002519,115341.80000000
2025-10-13 16:00:00.003000+00:00,-0.00002305,114260.80000000
2025-10-14 00:00:00+00:00,-0.00004041,115112.00000000
2025-10-14 08:00:00+00:00,0.00000712,111677.04921014
2025-10-14 16:00:00+00:00,-0.00004498,112817.34618841
2025-10-15 00:00:00.006000+00:00,-0.00005425,112984.75726812
2025-10-15 08:00:00.002000+00:00,0.00003973,112526.11848551
2025-10-15 16:00:00+00:00,0.00000225,110757.40000000
2025-10-16 00:00:00+00:00,-0.00002741,110701.13593478
2025-10-16 08:00:00.003000+00:00,-0.00002230,110526.82160145
2025-10-16 16:00:00.002000+00:00,-0.00003004,108493.60663043
2025-10-17 00:00:00.001000+00:00,-0.00000285,108132.22237681
2025-10-17 08:00:00.005000+00:00,-0.00000634,105578.30000000
2025-10-17 16:00:00.003000+00:00,-0.00000291,106764.91873188
2025-10-18 00:00:00+00:00,-0.00004819,106378.67421014
2025-10-18 08:00:00.002000+00:00,-0.00006376,106642.86139855
2025-10-18 16:00:00.001000+00:00,-0.00003681,106896.91817391
2025-10-19 00:00:00.001000+00:00,-0.00001411,107117.50000000
2025-10-19 08:00:00.001000+00:00,0.00001512,106733.30000000
2025-10-19 16:00:00.001000+00:00,0.00002787,108434.79640580
2025-10-20 00:00:00.004000+00:00,-0.00002197,108590.70000000
2025-10-20 08:00:00.001000+00:00,-0.00000665,111144.51395652
2025-10-20 16:00:00+00:00,-0.00000018,111079.20000000
2025-10-21 00:00:00.009000+00:00,-0.00005567,110469.90000000
2025-10-21 08:00:00+00:00,0.00002222,108040.11896377
2025-10-21 16:00:00+00:00,-0.00002506,113355.30000000
2025-10-22 00:00:00.004000+00:00,-0.00004212,108256.95482609
2025-10-22 08:00:00+00:00,0.00002445,108285.03557721
2025-10-22 16:00:00+00:00,0.00005702,108375.00509420
2025-10-23 00:00:00+00:00,0.00008911,107532.00000000
2025-10-23 08:00:00.001000+00:00,0.00002673,109229.94089130
2025-10-23 16:00:00.004000+00:00,0.00003933,109849.00000000
2025-10-24 00:00:00+00:00,0.00003391,110032.13344928
2025-10-24 08:00:00+00:00,0.00001783,111014.12165942
2025-10-24 16:00:00.009000+00:00,0.00003224,110009.80000000
2025-10-25 00:00:00+00:00,0.00005020,110965.34494203
2025-10-25 08:00:00.001000+00:00,0.00001484,111445.40000000
2025-10-25 16:00:00.001000+00:00,0.00005570,111341.17806667
2025-10-26 00:00:00.001000+00:00,0.00001903,111593.32939130
2025-10-26 08:00:00.001000+00:00,0.00000535,111672.90000000
2025-10-26 16:00:00+00:00,0.00006904,113651.89706522
2025-10-27 00:00:00+00:00,0.00010000,114505.72468116
2025-10-27 08:00:00.005000+00:00,0.00010000,115522.40000000
2025-10-27 16:00:00+00:00,0.00007304,114914.50000000
2025-10-28 00:00:00+00:00,0.00006059,114064.10000000
2025-10-28 08:00:00+00:00,0.00007806,114132.87629710
2025-10-28 16:00:00.004000+00:00,0.00002992,114580.10000000
2025-10-29 00:00:00.004000+00:00,-0.00000032,112841.11893478
2025-10-29 08:00:00.005000+00:00,0.00003588,113512.00000000
2025-10-29 16:00:00+00:00,0.00005003,111460.60000000
2025-10-30 00:00:00.004000+00:00,0.00001097,109985.95808696
2025-10-30 08:00:00.008000+00:00,0.00003449,111319.33959420
2025-10-30 16:00:00.001000+00:00,0.00003562,107670.50000000
2025-10-31 00:00:00+00:00,0.00000213,108263.50000000
2025-10-31 08:00:00.008000+00:00,0.00010000,109400.00000000
2025-10-31 16:00:00.007000+00:00,0.00010000,110173.78203623
2025-11-01 00:00:00.001000+00:00,0.00010000,109557.30000000
2025-11-01 08:00:00+00:00,0.00010000,110025.30000000
2025-11-01 16:00:00+00:00,0.00009782,110261.90000000
2025-11-02 00:00:00.007000+00:00,0.00008200,110051.81800725
2025-11-02 08:00:00+00:00,0.00008150,110846.38874638
2025-11-02 16:00:00.001000+00:00,0.00005635,110066.10000000
2025-11-03 00:00:00+00:00,0.00006098,110497.99736957
2025-11-03 08:00:00.010000+00:00,0.00006853,107431.03320290
2025-11-03 16:00:00+00:00,0.00005329,105718.80000000
2025-11-04 00:00:00.002000+00:00,0.00010000,106544.00000000
2025-11-04 08:00:00.004000+00:00,0.00005808,104446.13108696
2025-11-04 16:00:00+00:00,0.00006339,103157.20000000
2025-11-05 00:00:00+00:00,0.00007132,101437.30000000
2025-11-05 08:00:00+00:00,0.00002831,101946.10000000
2025-11-05 16:00:00.004000+00:00,0.00002816,103667.80000000
2025-11-06 00:00:00.001000+00:00,0.00003985,103847.34145652
2025-11-06 08:00:00+00:00,0.00007916,103144.43398551
2025-11-06 16:00:00.001000+00:00,0.00004494,101988.10000000
2025-11-07 00:00:00.005000+00:00,0.00004705,101305.60000000
2025-11-07 08:00:00.003000+00:00,0.00004227,101978.80000000
2025-11-07 16:00:00.005000+00:00,0.00008631,100758.10000000
2025-11-08 00:00:00.011000+00:00,0.00007776,103305.20000000
2025-11-08 08:00:00.015000+00:00,0.00003047,102314.60379710
2025-11-08 16:00:00.001000+00:00,0.00003740,101678.10000000
2025-11-09 00:00:00.004000+00:00,-0.00001640,102269.20000000
2025-11-09 08:00:00+00:00,0.00004187,101898.20000000
2025-11-09 16:00:00.005000+00:00,0.00008948,103717.85895652
2025-11-10 00:00:00+00:00,0.00008870,104670.70000000
2025-11-10 08:00:00+00:00,0.00007355,106421.67538406
2025-11-10 16:00:00.003000+00:00,0.00004979,105018.03477536
2025-11-11 00:00:00.007000+00:00,0.00002818,105966.20000000
2025-11-11 08:00:00+00:00,-0.00002775,104737.00000000
2025-11-11 16:00:00.009000+00:00,0.00005823,103421.01242754
2025-11-12 00:00:00+00:00,0.00002462,103007.53711594
2025-11-12 08:00:00.002000+00:00,0.00000687,103070.02844928
2025-11-12 16:00:00+00:00,0.00005786,102156.97811594
2025-11-13 00:00:00.002000+00:00,0.00001077,101605.90000000
2025-11-13 08:00:00+00:00,0.00009352,103431.00000000
2025-11-13 16:00:00.001000+00:00,0.00007448,101343.98608696
2025-11-14 00:00:00+00:00,0.00008569,99663.82278986
2025-11-14 08:00:00+00:00,0.00009126,97102.43884783
2025-11-14 16:00:00.001000+00:00,0.00009078,96752.60000000
2025-11-15 00:00:00.005000+00:00,0.00008507,94544.90000000
2025-11-15 08:00:00+00:00,0.00010000,96292.37823188
2025-11-15 16:00:00.001000+00:00,0.00005923,96222.20000000
2025-11-16 00:00:00.001000+00:00,0.00007745,95560.30000000
2025-11-16 08:00:00+00:00,0.00010000,96065.30980435
2025-11-16 16:00:00+00:00,0.00007060,94526.60000000
2025-11-17 00:00:00.003000+00:00,0.00010000,94234.43224638
2025-11-17 08:00:00.003000+00:00,0.00009568,95599.53695652
2025-11-17 16:00:00+00:00,0.00007208,93917.48474513
2025-11-18 00:00:00.002000+00:00,0.00010000,92169.70000000
2025-11-18 08:00:00.004000+00:00,0.00010000,90463.52234058
2025-11-18 16:00:00+00:00,0.00003725,92856.83807346
2025-11-19 00:00:00+00:00,0.00007496,92916.90000000
2025-11-19 08:00:00+00:00,0.00005012,91831.80035507
2025-11-19 16:00:00.008000+00:00,0.00003980,89905.19610145
2025-11-20 00:00:00+00:00,0.00004259,91522.33241304
2025-11-20 08:00:00+00:00,0.00010000,92268.56732609
2025-11-20 16:00:00+00:00,0.00008999,89845.80000000
2025-11-21 00:00:00.001000+00:00,0.00004272,86603.55317391
2025-11-21 08:00:00+00:00,0.00004524,84022.86960870
2025-11-21 16:00:00.001000+00:00,0.00002642,82896.50000000
2025-11-22 00:00:00.004000+00:00,0.00001373,85093.50000000
2025-11-22 08:00:00+00:00,0.00006735,84537.30000000
2025-11-22 16:00:00+00:00,0.00005057,84241.49595652
2025-11-23 00:00:00+00:00,0.00003812,84691.12791304
2025-11-23 08:00:00.008000+00:00,0.00000153,85745.86332609
2025-11-23 16:00:00.003000+00:00,-0.00000893,87043.56694928
2025-11-24 00:00:00.004000+00:00,-0.00000006,86807.60000000
2025-11-24 08:00:00+00:00,-0.00000134,87004.60000000
2025-11-24 16:00:00.006000+00:00,0.00005044,86571.90668116
2025-11-25 00:00:00+00:00,-0.00005290,88247.84814093
2025-11-25 08:00:00.009000+00:00,0.00001996,87362.20000000
2025-11-25 16:00:00.007000+00:00,-0.00003019,86946.50000000
2025-11-26 00:00:00.001000+00:00,0.00004038,87324.10000000
2025-11-26 08:00:00.001000+00:00,0.00005388,87897.61326087
2025-11-26 16:00:00+00:00,-0.00000419,86926.52760145
2025-11-27 00:00:00.013000+00:00,-0.00002599,90440.10000000
2025-11-27 08:00:00+00:00,0.00002408,91362.62505797
2025-11-27 16:00:00.004000+00:00,0.00004624,90913.00000000
2025-11-28 00:00:00.008000+00:00,0.00001771,91292.57118441
2025-11-28 08:00:00+00:00,0.00006007,90877.60000000
2025-11-28 16:00:00.008000+00:00,-0.00001703,92310.68880810
2025-11-29 00:00:00+00:00,-0.00001982,90847.80000000
2025-11-29 08:00:00.005000+00:00,0.00001778,90523.50000000
2025-11-29 16:00:00.001000+00:00,0.00002635,91029.90000000
2025-11-30 00:00:00.003000+00:00,0.00006082,90765.00000000
2025-11-30 08:00:00+00:00,0.00003556,90924.60000000
2025-11-30 16:00:00.004000+00:00,0.00003880,91411.40000000
2025-12-01 00:00:00+00:00,0.00003593,90327.18313043
2025-12-01 08:00:00.004000+00:00,0.00003153,86498.90961019
2025-12-01 16:00:00+00:00,0.00001491,84650.79218841
2025-12-02 00:00:00.004000+00:00,-0.00001009,86251.64706522
2025-12-02 08:00:00+00:00,0.00002643,86967.63789167
2025-12-02 16:00:00+00:00,0.00003999,90816.89870290
2025-12-03 00:00:00+00:00,-0.00001732,91249.10000000
2025-12-03 08:00:00+00:00,0.00004206,92970.00000000
2025-12-03 16:00:00.005000+00:00,-0.00000885,92333.85671014
2025-12-04 00:00:00.012000+00:00,-0.00000395,93381.85158696
2025-12-04 08:00:00+00:00,0.00007435,93361.06881884
2025-12-04 16:00:00.011000+00:00,0.00003928,92945.25542029
2025-12-05 00:00:00+00:00,0.00004837,92036.81684783
2025-12-05 08:00:00+00:00,0.00004944,92219.30000000
2025-12-05 16:00:00.010000+00:00,0.00000391,90414.13929710
2025-12-06 00:00:00.001000+00:00,0.00003693,89288.87393478
2025-12-06 08:00:00.001000+00:00,0.00001919,89549.60000000
2025-12-06 16:00:00.008000+00:00,-0.00001822,89713.40000000
2025-12-07 00:00:00+00:00,0.00004192,89190.20000000
2025-12-07 08:00:00.004000+00:00,0.00001666,89337.94880435
2025-12-07 16:00:00+00:00,0.00005212,89509.46367391
2025-12-08 00:00:00+00:00,-0.00000539,90347.07469565
2025-12-08 08:00:00+00:00,0.00006545,91519.80000000
2025-12-08 16:00:00.001000+00:00,0.00003395,89921.35480435
2025-12-09 00:00:00.001000+00:00,0.00000852,90610.70000000
2025-12-09 08:00:00.001000+00:00,0.00006379,90437.50000000
2025-12-09 16:00:00.007000+00:00,0.00005443,92667.54021739
2025-12-10 00:00:00.007000+00:00,0.00002777,92638.30000000
2025-12-10 08:00:00.002000+00:00,0.00001996,92744.70000000
2025-12-10 16:00:00.012000+00:00,0.00003205,92029.50025362
2025-12-11 00:00:00.001000+00:00,0.00002590,91981.25991304
2025-12-11 08:00:00+00:00,-0.00001577,90231.40000000
2025-12-11 16:00:00+00:00,0.00006100,89838.70794203
2025-12-12 00:00:00.005000+00:00,0.00006914,92479.80000000
2025-12-12 08:00:00.007000+00:00,0.00004698,92392.37302174
2025-12-12 16:00:00.002000+00:00,0.00003383,89905.28170290
2025-12-13 00:00:00.001000+00:00,0.00000121,90229.70000000
2025-12-13 08:00:00.006000+00:00,0.00006020,90282.74673913
2025-12-13 16:00:00+00:00,0.00006041,90055.40000000
2025-12-14 00:00:00+00:00,0.00010000,90197.00000000
2025-12-14 08:00:00.003000+00:00,0.00002898,90205.00000000
2025-12-14 16:00:00.005000+00:00,0.00003773,88985.20000000
2025-12-15 00:00:00+00:00,0.00000190,88108.10000000
2025-12-15 08:00:00+00:00,-0.00000893,89703.00000000
2025-12-15 16:00:00+00:00,0.00003081,86995.88862819
2025-12-16 00:00:00.002000+00:00,0.00007467,86389.99156522
2025-12-16 08:00:00+00:00,0.00001350,85964.20000000
2025-12-16 16:00:00.002000+00:00,0.00004089,87940.40000000
2025-12-17 00:00:00.004000+00:00,0.00006221,87826.30000000
2025-12-17 08:00:00+00:00,0.00008987,87010.40000000
2025-12-17 16:00:00+00:00,0.00005917,87198.30000000
2025-12-18 00:00:00.005000+00:00,0.00006230,86206.73265942
2025-12-18 08:00:00.007000+00:00,-0.00000867,86787.50000000
2025-12-18 16:00:00.001000+00:00,0.00008355,88487.00000000
2025-12-19 00:00:00+00:00,0.00005491,85473.71590580
2025-12-19 08:00:00.001000+00:00,0.00010000,87913.90000000
2025-12-19 16:00:00+00:00,0.00010000,87936.18100450
2025-12-20 00:00:00.005000+00:00,0.00010000,88100.05310870
2025-12-20 08:00:00+00:00,0.00001234,88239.90000000
2025-12-20 16:00:00.002000+00:00,0.00007171,88134.60000000
2025-12-21 00:00:00+00:00,0.00009682,88320.80000000
2025-12-21 08:00:00.009000+00:00,0.00008873,88141.44790580
2025-12-21 16:00:00+00:00,0.00003977,88024.70000000
2025-12-22 00:00:00+00:00,0.00004389,88621.30000000
2025-12-22 08:00:00.005000+00:00,0.00004524,89132.42109420
2025-12-22 16:00:00.009000+00:00,0.00006654,89688.50000000
2025-12-23 00:00:00+00:00,0.00002633,88579.90000000
2025-12-23 08:00:00+00:00,0.00005231,87531.60234783
2025-12-23 16:00:00.001000+00:00,0.00001795,87407.18552899
2025-12-24 00:00:00.001000+00:00,0.00010000,87463.00000000
2025-12-24 08:00:00.001000+00:00,0.00008455,86866.40000000
2025-12-24 16:00:00+00:00,0.00005927,87017.48463043
2025-12-25 00:00:00+00:00,0.00005953,87627.30000000
2025-12-25 08:00:00.001000+00:00,0.00007953,87795.90000000
2025-12-25 16:00:00.005000+00:00,0.00008322,88327.20000000
2025-12-26 00:00:00.004000+00:00,0.00004378,87185.69548551
2025-12-26 08:00:00.001000+00:00,0.00005427,88433.00000000
2025-12-26 16:00:00.007000+00:00,0.00010000,87100.00000000
2025-12-27 00:00:00+00:00,0.00001809,87330.06670840
2025-12-27 08:00:00+00:00,0.00002788,87490.90000000
2025-12-27 16:00:00.011000+00:00,0.00005850,87510.20000000
2025-12-28 00:00:00.008000+00:00,-0.00000036,87831.96938406
2025-12-28 08:00:00+00:00,0.00007955,87697.84224167
2025-12-28 16:00:00+00:00,0.00009464,87797.60000000
2025-12-29 00:00:00.016000+00:00,0.00010000,87920.50000000
2025-12-29 08:00:00.001000+00:00,0.00010000,89583.00000000
2025-12-29 16:00:00+00:00,0.00004826,87643.76313043
2025-12-30 00:00:00.005000+00:00,0.00010000,87209.04473188
2025-12-30 08:00:00.001000+00:00,0.00004613,87457.50000000
2025-12-30 16:00:00.003000+00:00,0.00008345,88966.80000000
2025-12-31 00:00:00.004000+00:00,0.00002922,88455.30000000
2025-12-31 08:00:00.001000+00:00,0.00001453,88569.00000000
2025-12-31 16:00:00.001000+00:00,0.00003750,87909.00000000
2026-01-01 00:00:00.008000+00:00,0.00010000,87608.30000000
2026-01-01 08:00:00.002000+00:00,0.00010000,87603.80894203
2026-01-01 16:00:00.001000+00:00,0.00001711,87986.80000000
2026-01-02 00:00:00.006000+00:00,0.00005608,88799.90000000
2026-01-02 08:00:00.007000+00:00,0.00004219,88829.20000000
2026-01-02 16:00:00+00:00,0.00004813,89373.00000000
2026-01-03 00:00:00.001000+00:00,0.00003110,89951.89852174
2026-01-03 08:00:00+00:00,0.00001055,89535.90000000
2026-01-03 16:00:00+00:00,0.00006938,89931.80000000
2026-01-04 00:00:00+00:00,0.00009488,90595.85826667
2026-01-04 08:00:00+00:00,0.00005813,91481.74876087
2026-01-04 16:00:00.001000+00:00,0.00004436,91295.09684783
2026-01-05 00:00:00+00:00,0.00008893,91512.43532609
2026-01-05 08:00:00+00:00,0.00005230,92492.27911544
2026-01-05 16:00:00+00:00,0.00007723,93914.99367316
2026-01-06 00:00:00.010000+00:00,-0.00001376,93822.40000000
2026-01-06 08:00:00+00:00,0.00002816,93208.62138406
2026-01-06 16:00:00+00:00,0.00002691,93608.20000000
2026-01-07 00:00:00.001000+00:00,0.00006582,93708.00000000
2026-01-07 08:00:00.001000+00:00,0.00010000,92848.10000000
2026-01-07 16:00:00.001000+00:00,0.00002885,91303.20000000
2026-01-08 00:00:00.001000+00:00,0.00008693,91328.10000000
2026-01-08 08:00:00+00:00,0.00010000,90509.90000000
2026-01-08 16:00:00+00:00,0.00006436,90763.72410870
2026-01-09 00:00:00.003000+00:00,-0.00002813,91059.80000000
2026-01-09 08:00:00+00:00,0.00007258,90712.20000000
2026-01-09 16:00:00.001000+00:00,0.00000218,91137.70000000
2026-01-10 00:00:00+00:00,0.00005643,90604.03880833
2026-01-10 08:00:00.002000+00:00,0.00007657,90627.10000000
2026-01-10 16:00:00.001000+00:00,0.00006235,90622.70000000
2026-01-11 00:00:00.003000+00:00,0.00008744,90469.70000000
2026-01-11 08:00:00.006000+00:00,0.00004670,90664.86374094
2026-01-11 16:00:00+00:00,0.00001667,90834.10000000
2026-01-12 00:00:00.005000+00:00,0.00001813,90976.60000000
2026-01-12 08:00:00+00:00,0.00002902,91369.30000000
2026-01-12 16:00:00+00:00,0.00004650,91625.10000000
2026-01-13 00:00:00.007000+00:00,0.00002245,91254.18296377
2026-01-13 08:00:00.009000+00:00,0.00009838,91920.87575362
2026-01-13 16:00:00.002000+00:00,0.00003445,93407.90000000
2026-01-14 00:00:00+00:00,0.00000129,95375.20000000
2026-01-14 08:00:00.001000+00:00,0.00002497,95170.48131159
2026-01-14 16:00:00.004000+00:00,0.00004076,96691.90000000
2026-01-15 00:00:00+00:00,-0.00000367,96908.00000000
2026-01-15 08:00:00.004000+00:00,0.00001749,96606.62814493
2026-01-15 16:00:00.002000+00:00,0.00001526,96750.47456522
2026-01-16 00:00:00+00:00,0.00007340,95567.40000000
2026-01-16 08:00:00+00:00,0.00007337,95608.30000000
2026-01-16 16:00:00.001000+00:00,0.00002495,94537.50000000
2026-01-17 00:00:00+00:00,-0.00000178,95503.70000000
2026-01-17 08:00:00+00:00,0.00003007,95061.58289855
2026-01-17 16:00:00.002000+00:00,0.00002976,95529.00000000
2026-01-18 00:00:00.001000+00:00,0.00003503,95108.62485833
2026-01-18 08:00:00+00:00,0.00009616,94989.90000000
2026-01-18 16:00:00+00:00,0.00006571,95072.97801667
2026-01-19 00:00:00.007000+00:00,0.00003473,93614.00000000
2026-01-19 08:00:00.007000+00:00,0.00001943,92788.73004348
2026-01-19 16:00:00.007000+00:00,0.00002494,93017.11165217
2026-01-20 00:00:00.005000+00:00,0.00009819,92590.59439855
2026-01-20 08:00:00.001000+00:00,0.00006626,91136.10000000
2026-01-20 16:00:00.009000+00:00,0.00005652,90652.79605072
2026-01-21 00:00:00.001000+00:00,0.00010000,88390.60000000
2026-01-21 08:00:00.011000+00:00,0.00006055,89180.30531159
2026-01-21 16:00:00.011000+00:00,0.00002410,90237.20000000
2026-01-22 00:00:00.010000+00:00,0.00006355,89419.48837681
2026-01-22 08:00:00.003000+00:00,0.00005110,89772.50000000
2026-01-22 16:00:00.005000+00:00,0.00009419,88978.66202899
2026-01-23 00:00:00.005000+00:00,0.00005090,89518.50000000
2026-01-23 08:00:00+00:00,0.00003390,89509.13183333
2026-01-23 16:00:00.011000+00:00,0.00006968,89713.00000000
2026-01-24 00:00:00.011000+00:00,0.00001531,89558.70000000
2026-01-24 08:00:00.002000+00:00,0.00008909,89583.14050000
2026-01-24 16:00:00.001000+00:00,0.00003901,89237.32462519
2026-01-25 00:00:00.002000+00:00,0.00001336,89181.09492029
2026-01-25 08:00:00.011000+00:00,0.00008051,88630.90404348
2026-01-25 16:00:00.005000+00:00,0.00004917,88406.00000000
2026-01-26 00:00:00+00:00,0.00004067,86629.00000000
2026-01-26 08:00:00.003000+00:00,0.00002847,87969.00000000
2026-01-26 16:00:00+00:00,0.00005606,87609.50000000
2026-01-27 00:00:00.002000+00:00,0.00004267,88301.36701449
2026-01-27 08:00:00+00:00,0.00006028,88290.49133841
2026-01-27 16:00:00+00:00,0.00007503,88009.15772864
2026-01-28 00:00:00+00:00,0.00006237,89203.89821739
2026-01-28 08:00:00+00:00,0.00006174,89106.90000000
2026-01-28 16:00:00+00:00,0.00003830,89446.72848576
2026-01-29 00:00:00+00:00,0.00007210,89262.92891304
2026-01-29 08:00:00.009000+00:00,0.00005856,88310.90000000
2026-01-29 16:00:00+00:00,0.00004023,84898.27826087
2026-01-30 00:00:00.008000+00:00,0.00004478,84617.11086232
2026-01-30 08:00:00+00:00,0.00001714,82778.82526087
2026-01-30 16:00:00.001000+00:00,0.00000310,82853.51839855
2026-01-31 00:00:00+00:00,0.00009693,84213.96525362
2026-01-31 08:00:00.001000+00:00,0.00003548,83514.40000000
2026-01-31 16:00:00.009000+00:00,0.00006585,81275.68205797
2026-02-01 00:00:00.001000+00:00,-0.00003267,78701.59597101
2026-02-01 08:00:00.004000+00:00,0.00003421,78320.90000000
2026-02-01 16:00:00+00:00,0.00001722,77563.80000000
2026-02-02 00:00:00+00:00,0.00000068,76931.60000000
2026-02-02 08:00:00.014000+00:00,-0.00003043,76609.90000000
2026-02-02 16:00:00+00:00,-0.00005713,78800.60000000
2026-02-03 00:00:00+00:00,-0.00002203,78698.62801349
2026-02-03 08:00:00.007000+00:00,0.00002245,78745.60000000
2026-02-03 16:00:00+00:00,-0.00000465,78099.52176087
2026-02-04 00:00:00.002000+00:00,0.00000119,75732.40000000
2026-02-04 08:00:00.007000+00:00,0.00003551,76478.90000000
2026-02-04 16:00:00+00:00,0.00004618,74101.90000000
2026-02-05 00:00:00.011000+00:00,0.00009173,73153.90000000
2026-02-05 08:00:00+00:00,0.00000298,70710.74360570
2026-02-05 16:00:00.007000+00:00,-0.00004957,67455.49563043
2026-02-06 00:00:00+00:00,-0.00001597,62887.14150000
2026-02-06 08:00:00.001000+00:00,-0.00013688,64791.40000000
2026-02-06 16:00:00+00:00,-0.00013478,68574.00000000
2026-02-07 00:00:00.003000+00:00,-0.00015178,70544.40000000
2026-02-07 08:00:00+00:00,-0.00008326,68067.00000000
2026-02-07 16:00:00.010000+00:00,-0.00002907,69122.10000000
2026-02-08 00:00:00.003000+00:00,-0.00003403,69254.20000000
2026-02-08 08:00:00+00:00,-0.00003546,69667.50000000
2026-02-08 16:00:00+00:00,-0.00004864,71152.60000000
2026-02-09 00:00:00.002000+00:00,-0.00003075,70304.73338406
2026-02-09 08:00:00.001000+00:00,0.00001846,70393.40000000
2026-02-09 16:00:00.007000+00:00,-0.00004284,69538.50000000
2026-02-10 00:00:00+00:00,-0.00008798,70110.60000000
2026-02-10 08:00:00.007000+00:00,-0.00004829,68882.10000000
2026-02-10 16:00:00+00:00,-0.00008816,69252.90000000
2026-02-11 00:00:00+00:00,0.00001400,68805.30000000
2026-02-11 08:00:00.006000+00:00,-0.00008417,67000.00000000
2026-02-11 16:00:00+00:00,-0.00001169,66489.40000000
2026-02-12 00:00:00+00:00,-0.00001381,67072.20000000
2026-02-12 08:00:00.001000+00:00,0.00003499,67200.19716739
2026-02-12 16:00:00.001000+00:00,-0.00001728,67103.70000000
2026-02-13 00:00:00.007000+00:00,0.00005834,66243.20000000
2026-02-13 08:00:00.003000+00:00,0.00000716,66184.59749275
2026-02-13 16:00:00.005000+00:00,-0.00001274,68652.40000000
2026-02-14 00:00:00.002000+00:00,0.00001291,68853.38406522
2026-02-14 08:00:00.004000+00:00,0.00003174,69182.52364493
2026-02-14 16:00:00.002000+00:00,-0.00003094,69754.10000000
2026-02-15 00:00:00+00:00,-0.00001068,69795.40000000
2026-02-15 08:00:00.002000+00:00,0.00004664,70784.00000000
2026-02-15 16:00:00+00:00,-0.00002371,69068.10000000
2026-02-16 00:00:00.001000+00:00,0.00002659,68798.30000000
2026-02-16 08:00:00.003000+00:00,-0.00003277,68554.37742754
2026-02-16 16:00:00+00:00,-0.00004112,67505.50000000
2026-02-17 00:00:00.008000+00:00,0.00005883,68862.55130435
2026-02-17 08:00:00.001000+00:00,0.00002672,68353.40000000
2026-02-17 16:00:00.002000+00:00,0.00005077,67363.50000000
2026-02-18 00:00:00+00:00,0.00003215,67475.90000000
2026-02-18 08:00:00+00:00,-0.00000141,68078.40000000
2026-02-18 16:00:00.011000+00:00,0.00003604,67672.63710870
2026-02-19 00:00:00.013000+00:00,-0.00004014,66430.40573913
2026-02-19 08:00:00+00:00,0.00002686,67182.87271014
2026-02-19 16:00:00.003000+00:00,-0.00003052,66367.72373188
2026-02-20 00:00:00+00:00,0.00005365,66974.00000000
2026-02-20 08:00:00+00:00,0.00001302,67794.70000000
2026-02-20 16:00:00+00:00,-0.00000671,67551.95540580
2026-02-21 00:00:00.004000+00:00,0.00004456,67988.82876812
2026-02-21 08:00:00+00:00,0.00002485,67821.00000000
2026-02-21 16:00:00.005000+00:00,0.00003235,68583.28794603
2026-02-22 00:00:00.001000+00:00,0.00000730,67958.92213768
2026-02-22 08:00:00.004000+00:00,0.00000042,67974.33214493
2026-02-22 16:00:00+00:00,0.00004972,67660.00000000
2026-02-23 00:00:00.001000+00:00,0.00006946,67613.60000000
2026-02-23 08:00:00+00:00,-0.00009317,65915.80000000
2026-02-23 16:00:00+00:00,0.00002251,65638.07392029
2026-02-24 00:00:00.007000+00:00,0.00005706,64630.15072464
2026-02-24 08:00:00+00:00,-0.00001193,63164.80000000
2026-02-24 16:00:00.001000+00:00,-0.00000182,63936.83454348
2026-02-25 00:00:00.001000+00:00,0.00002375,64031.30000000
2026-02-25 08:00:00.007000+00:00,0.00000033,65002.83121739
2026-02-25 16:00:00+00:00,-0.00000968,67376.31104348
2026-02-26 00:00:00+00:00,-0.00001998,67953.96802174
2026-02-26 08:00:00.006000+00:00,-0.00001128,67799.90000000
2026-02-26 16:00:00.002000+00:00,0.00004007,67353.40000000
2026-02-27 00:00:00.007000+00:00,-0.00000991,67448.50202899
2026-02-27 08:00:00+00:00,-0.00008123,67650.26318841
2026-02-27 16:00:00.001000+00:00,-0.00000656,66073.37640930
2026-02-28 00:00:00+00:00,0.00004041,65839.41943778
2026-02-28 08:00:00+00:00,-0.00003727,63790.80000000
2026-02-28 16:00:00.004000+00:00,-0.00004305,64801.17139855
2026-03-01 00:00:00.005000+00:00,-0.00000688,66952.93531159
2026-03-01 08:00:00+00:00,0.00004563,67113.90000000
2026-03-01 16:00:00.002000+00:00,0.00002948,66802.60000000
2026-03-02 00:00:00.001000+00:00,-0.00000299,65749.90000000
2026-03-02 08:00:00.007000+00:00,-0.00001956,65981.30000000
2026-03-02 16:00:00+00:00,-0.00001083,69089.10000000
2026-03-03 00:00:00+00:00,-0.00000186,68801.80000000
2026-03-03 08:00:00+00:00,0.00001437,68138.30000000
2026-03-03 16:00:00.007000+00:00,0.00001481,67723.07507496
2026-03-04 00:00:00.001000+00:00,-0.00005390,68299.92479710
2026-03-04 08:00:00.005000+00:00,0.00002520,69469.27951449
2026-03-04 16:00:00+00:00,0.00004683,73345.00000000
2026-03-05 00:00:00+00:00,0.00003567,72641.30000000
2026-03-05 08:00:00+00:00,0.00004965,72021.33210145
2026-03-05 16:00:00.004000+00:00,0.00000174,71608.50000000
2026-03-06 00:00:00.001000+00:00,0.00001689,70860.02442029
2026-03-06 08:00:00.001000+00:00,-0.00003061,71026.80000000
2026-03-06 16:00:00.004000+00:00,-0.00002176,68469.42278261
2026-03-07 00:00:00.001000+00:00,0.00000619,68094.46161594
2026-03-07 08:00:00.012000+00:00,0.00003525,67809.40000000
2026-03-07 16:00:00.001000+00:00,-0.00004217,67844.90000000
2026-03-08 00:00:00.001000+00:00,-0.00004496,67232.20000000
2026-03-08 08:00:00+00:00,-0.00001115,67287.74237681
2026-03-08 16:00:00.002000+00:00,-0.00002868,67176.51471014
2026-03-09 00:00:00+00:00,-0.00005770,65935.34171664
2026-03-09 08:00:00.004000+00:00,-0.00004579,67505.08897101
2026-03-09 16:00:00.003000+00:00,-0.00003431,68842.62088406
2026-03-10 00:00:00.012000+00:00,-0.00002394,68398.94584783
2026-03-10 08:00:00.002000+00:00,0.00001230,70374.60000000
2026-03-10 16:00:00.001000+00:00,0.00001738,71303.55932609
2026-03-11 00:00:00+00:00,-0.00011052,69906.39643478
2026-03-11 08:00:00.007000+00:00,-0.00005252,69622.20000000
2026-03-11 16:00:00.010000+00:00,-0.00005824,70186.90000000
2026-03-12 00:00:00+00:00,-0.00007802,70150.00000000
2026-03-12 08:00:00+00:00,-0.00005392,69793.59004348
2026-03-12 16:00:00+00:00,-0.00007381,70285.70086232
2026-03-13 00:00:00.006000+00:00,-0.00002789,70487.01187681
2026-03-13 08:00:00.001000+00:00,0.00004263,71585.20000000
2026-03-13 16:00:00+00:00,-0.00000638,71801.52278986
2026-03-14 00:00:00.001000+00:00,-0.00000379,70895.60000000
2026-03-14 08:00:00+00:00,-0.00003988,70565.70000000
2026-03-14 16:00:00.007000+00:00,-0.00004851,70556.44462101
2026-03-15 00:00:00+00:00,-0.00001883,71174.40000000
2026-03-15 08:00:00+00:00,-0.00006461,71421.70264618
2026-03-15 16:00:00+00:00,0.00002659,71444.50000000
2026-03-16 00:00:00+00:00,0.00002513,72778.90000000
2026-03-16 08:00:00.010000+00:00,0.00007139,73427.80000000
2026-03-16 16:00:00+00:00,0.00002015,73241.19793478
2026-03-17 00:00:00+00:00,0.00000241,74854.37298551
2026-03-17 08:00:00.002000+00:00,-0.00002505,74212.70000000
2026-03-17 16:00:00.011000+00:00,-0.00001260,73882.60358696
2026-03-18 00:00:00.002000+00:00,-0.00006569,73872.40000000
2026-03-18 08:00:00.002000+00:00,-0.00004813,73840.08823913
2026-03-18 16:00:00.005000+00:00,0.00002418,71438.64453523
2026-03-19 00:00:00+00:00,-0.00000974,71208.72342754
2026-03-19 08:00:00.003000+00:00,-0.00003012,70147.53643478
2026-03-19 16:00:00.003000+00:00,0.00001205,69372.70000000
2026-03-20 00:00:00.002000+00:00,0.00000625,69895.06080435
2026-03-20 08:00:00+00:00,0.00000753,70811.90000000
2026-03-20 16:00:00+00:00,-0.00000223,69838.04147826
2026-03-21 00:00:00+00:00,-0.00001493,70475.05032609
2026-03-21 08:00:00+00:00,-0.00000738,70681.53331884
2026-03-21 16:00:00.014000+00:00,0.00001093,70599.10000000
2026-03-22 00:00:00.012000+00:00,0.00000806,68881.72855072
2026-03-22 08:00:00.007000+00:00,-0.00004425,68884.40000000
2026-03-22 16:00:00.002000+00:00,-0.00006837,68819.80918841
2026-03-23 00:00:00+00:00,-0.00002079,67834.34094203
2026-03-23 08:00:00.003000+00:00,-0.00002863,68290.80000000
2026-03-23 16:00:00.002000+00:00,0.00000160,70112.20000000
2026-03-24 00:00:00+00:00,0.00004229,70868.68562319
2026-03-24 08:00:00+00:00,0.00003675,71264.00000000
2026-03-24 16:00:00.003000+00:00,0.00003056,69842.40000000
2026-03-25 00:00:00+00:00,0.00002310,70525.82657246
2026-03-25 08:00:00+00:00,0.00001074,70899.90000000
2026-03-25 16:00:00.013000+00:00,0.00004721,70803.40069565
2026-03-26 00:00:00.001000+00:00,0.00002448,71297.60000000
2026-03-26 08:00:00.001000+00:00,0.00001379,70053.80000000
2026-03-26 16:00:00+00:00,-0.00002103,69060.70000000
2026-03-27 00:00:00.006000+00:00,0.00002925,68788.10000000
2026-03-27 08:00:00+00:00,-0.00006298,68496.90000000
2026-03-27 16:00:00+00:00,-0.00005841,66091.90000000
2026-03-28 00:00:00.005000+00:00,-0.00008088,66364.20000000
2026-03-28 08:00:00.005000+00:00,-0.00007604,66523.62176812
2026-03-28 16:00:00+00:00,-0.00000173,66998.71209420
2026-03-29 00:00:00.003000+00:00,-0.00003680,66337.79104948
2026-03-29 08:00:00.001000+00:00,-0.00000012,66633.22935507
2026-03-29 16:00:00+00:00,0.00002677,66500.00000000
2026-03-30 00:00:00+00:00,0.00000300,65973.40000000
2026-03-30 08:00:00.005000+00:00,0.00000492,67596.69581884
2026-03-30 16:00:00+00:00,0.00000758,67595.59310345
2026-03-31 00:00:00+00:00,0.00000116,66764.40000000
2026-03-31 08:00:00+00:00,-0.00001921,67343.90000000
2026-03-31 16:00:00+00:00,-0.00002763,66700.00000000
2026-04-01 00:00:00+00:00,-0.00003449,68243.29673913
2026-04-01 08:00:00+00:00,-0.00000461,68668.60000000
2026-04-01 16:00:00+00:00,0.00000577,68876.81806522
2026-04-02 00:00:00.003000+00:00,0.00003521,68086.50000000
2026-04-02 08:00:00.001000+00:00,0.00000845,66888.20861594
2026-04-02 16:00:00.001000+00:00,-0.00007398,66819.54021739
2026-04-03 00:00:00+00:00,-0.00000831,66869.74346667
2026-04-03 08:00:00.008000+00:00,-0.00000599,67008.70000000
2026-04-03 16:00:00.008000+00:00,0.00000351,66809.33805072
2026-04-04 00:00:00+00:00,0.00003761,66930.00000000
2026-04-04 08:00:00.003000+00:00,0.00004115,66983.97256934
2026-04-04 16:00:00+00:00,0.00001651,67357.30000000
2026-04-05 00:00:00.008000+00:00,0.00002407,67271.00000000
2026-04-05 08:00:00+00:00,0.00003812,66787.40000000
2026-04-05 16:00:00.001000+00:00,0.00001889,67278.50018741
2026-04-06 00:00:00.004000+00:00,0.00007073,68997.40000000
2026-04-06 08:00:00.001000+00:00,0.00005544,69087.63507246
2026-04-06 16:00:00.003000+00:00,0.00000423,69925.85927536
2026-04-07 00:00:00+00:00,-0.00000315,68822.20000000
2026-04-07 08:00:00+00:00,0.00003703,68594.77686657
2026-04-07 16:00:00+00:00,0.00007393,68141.01094203
2026-04-08 00:00:00+00:00,0.00006020,71907.34283333
2026-04-08 08:00:00+00:00,0.00001563,71612.10000000
2026-04-08 16:00:00.006000+00:00,0.00004048,71275.77918841
2026-04-09 00:00:00+00:00,-0.00000147,71038.10000000
2026-04-09 08:00:00.010000+00:00,0.00005239,70945.00000000
2026-04-09 16:00:00.001000+00:00,-0.00001986,72108.00000000
2026-04-10 00:00:00+00:00,0.00000411,71755.54984058
2026-04-10 08:00:00.005000+00:00,0.00002458,71461.20000000
2026-04-10 16:00:00+00:00,-0.00002187,72415.70000000
2026-04-11 00:00:00+00:00,-0.00007225,72917.40000000
2026-04-11 08:00:00+00:00,-0.00006083,72707.70000000
2026-04-11 16:00:00.003000+00:00,-0.00006755,72818.86697826
2026-04-12 00:00:00+00:00,-0.00008108,73013.40000000
2026-04-12 08:00:00+00:00,-0.00003690,71628.10000000
2026-04-12 16:00:00+00:00,-0.00000335,70856.20000000
2026-04-13 00:00:00.011000+00:00,-0.00000234,70709.40000000
2026-04-13 08:00:00.006000+00:00,-0.00000183,70780.10000000
2026-04-13 16:00:00+00:00,-0.00005409,71823.70000000
2026-04-14 00:00:00.005000+00:00,-0.00005854,74386.50000000
2026-04-14 08:00:00.003000+00:00,0.00002732,74513.40000000
2026-04-14 16:00:00.001000+00:00,-0.00005234,75274.90000000
2026-04-15 00:00:00+00:00,-0.00009313,74106.90000000
2026-04-15 08:00:00+00:00,-0.00005085,73705.20000000
2026-04-15 16:00:00+00:00,-0.00007151,73811.00873913
2026-04-16 00:00:00.013000+00:00,-0.00003418,74776.20000000
2026-04-16 08:00:00+00:00,-0.00002841,74667.70000000
2026-04-16 16:00:00+00:00,-0.00002225,74659.57926087
2026-04-17 00:00:00.001000+00:00,0.00003297,75115.14794928
2026-04-17 08:00:00.011000+00:00,0.00002781,75047.40000000
2026-04-17 16:00:00.001000+00:00,-0.00010789,77734.40000000
2026-04-18 00:00:00.001000+00:00,-0.00008098,77044.79824638
2026-04-18 08:00:00.006000+00:00,-0.00007082,76952.46500725
2026-04-18 16:00:00+00:00,-0.00004586,76124.80000000
2026-04-19 00:00:00.002000+00:00,-0.00008395,75653.80000000
2026-04-19 08:00:00.010000+00:00,-0.00007219,75205.60000000
2026-04-19 16:00:00.001000+00:00,-0.00012276,75807.70000000
2026-04-20 00:00:00+00:00,-0.00004615,73752.30151667
2026-04-20 08:00:00+00:00,-0.00004778,74795.50000000
2026-04-20 16:00:00.001000+00:00,-0.00002745,75678.04248876
2026-04-21 00:00:00+00:00,-0.00007937,75791.40000000
2026-04-21 08:00:00.004000+00:00,-0.00005824,76050.10000000
2026-04-21 16:00:00.004000+00:00,-0.00004242,75799.90000000
2026-04-22 00:00:00.004000+00:00,-0.00002237,76289.54071739
2026-04-22 08:00:00+00:00,0.00003560,77979.70000000
2026-04-22 16:00:00+00:00,-0.00000749,79234.20000000
2026-04-23 00:00:00+00:00,-0.00007870,78139.70000000
2026-04-23 08:00:00+00:00,-0.00003553,78009.00000000
2026-04-23 16:00:00.004000+00:00,-0.00006696,78331.27050975
2026-04-24 00:00:00.006000+00:00,-0.00003829,78214.80000000
2026-04-24 08:00:00+00:00,-0.00007865,77620.50000000
2026-04-24 16:00:00+00:00,-0.00003152,78007.30000000
2026-04-25 00:00:00+00:00,-0.00001077,77395.90000000
2026-04-25 08:00:00.002000+00:00,-0.00006235,77459.90000000
2026-04-25 16:00:00.002000+00:00,-0.00005699,77295.96852174
2026-04-26 00:00:00.003000+00:00,0.00000241,77585.00000000
2026-04-26 08:00:00.007000+00:00,0.00000153,78064.44689855
2026-04-26 16:00:00.004000+00:00,0.00000195,78008.58376812
2026-04-27 00:00:00.004000+00:00,0.00000249,78617.40000000
2026-04-27 08:00:00+00:00,-0.00008659,77556.92439855
2026-04-27 16:00:00.002000+00:00,-0.00005678,76762.28381159
2026-04-28 00:00:00.001000+00:00,-0.00003951,77333.17570290
2026-04-28 08:00:00+00:00,-0.00003204,76828.30000000
2026-04-28 16:00:00.004000+00:00,0.00005242,76026.63367210
2026-04-29 00:00:00.006000+00:00,0.00001305,76298.10000000
2026-04-29 08:00:00.011000+00:00,-0.00002840,77007.65595652
2026-04-29 16:00:00.003000+00:00,0.00003571,75880.57366567
2026-04-30 00:00:00.002000+00:00,-0.00004220,75749.80000000
2026-04-30 08:00:00+00:00,-0.00001837,76130.00000000
2026-04-30 16:00:00+00:00,-0.00002904,76429.20000000
